Price,Close,High,Low,Open,Volume,returns,volatility,ma_10,volume_ma,momentum,strategy
2022-01-18,166.00277709960938,168.6814931182034,165.6214992398613,167.67452813175186,90956700.0,-0.0188941522197118,0.01380318788822307,169.78134765625,89107350.0,-11.93695068359375,VWAP
2022-01-19,162.51260375976562,167.25414945182573,162.22909557704548,166.19829964047344,94815000.0,-0.021024788866932487,0.014433287206705428,168.46446990966797,88657810.0,-13.168777465820312,VWAP
2022-01-20,160.83106994628906,165.8854518373375,160.50844792121475,163.24583471657064,91420500.0,-0.010347097853175113,0.012897860144022682,167.44674987792968,88346100.0,-10.177200317382812,VWAP
2022-01-21,158.7780303955078,162.61036568511253,158.67048972769118,160.74307541554964,122848900.0,-0.012765192393900504,0.012593675584166653,166.50919036865236,90940590.0,-9.375595092773438,VWAP
2022-01-24,158.00570678710938,158.67050778679211,151.24045969712583,156.44149634340394,162294600.0,-0.004864171740099232,0.012385231008812461,165.477783203125,98499140.0,-10.314071655273438,VWAP
2022-01-25,156.2068634033203,159.1202179477596,153.50859022634555,155.42475069595457,115798400.0,-0.01138467350557626,0.012263396443882872,164.26453704833983,99402420.0,-12.132461547851562,VWAP
2022-01-26,156.11888122558594,160.71377291639465,154.29070450112417,159.84367643647036,108275300.0,-0.0005632414339388214,0.009344328398961058,162.75995330810548,102616120.0,-15.04583740234375,VWAP
2022-01-27,155.65936279296875,160.17604091465265,154.7403816352541,158.817126094803,121954600.0,-0.0029433879426358223,0.008719792507677791,161.1654281616211,107331060.0,-15.94525146484375,VWAP
2022-01-28,166.52090454101562,166.5404614570555,159.15929945417386,162.00422657695262,179935700.0,0.0697776320881709,0.026077010131928712,160.98358612060548,116874050.0,-1.81842041015625,VWAP
2022-01-31,170.8713836669922,171.0864649878099,165.7192328015865,166.35470576493188,115541600.0,0.026125723601897688,0.027417678320559087,161.1507583618164,120384130.0,1.671722412109375,VWAP
2022-02-01,170.70518493652344,170.93003725349797,168.4566170141108,170.11859681152686,86213900.0,-0.0009726539745978924,0.026521242670496575,161.62099914550782,119909850.0,4.7024078369140625,VWAP
2022-02-02,171.90771484375,171.94682868403083,169.4538509394799,170.84209391826516,84914300.0,0.007044483784565347,0.02513284209425899,162.56051025390624,118919780.0,9.395111083984375,VWAP
2022-02-03,169.03346252441406,172.29878204430065,168.27090671710556,170.57813105955574,89418100.0,-0.016719740134690242,0.02566601313975502,163.38074951171876,118719540.0,8.202392578125,VWAP
2022-02-04,168.7495880126953,170.4234840013588,167.07569202403184,168.05457472378333,82465400.0,-0.001679398312495417,0.025031885121150628,164.3779052734375,114681190.0,9.9715576171875,VWAP
2022-02-07,168.03500366210938,170.2766384169295,167.33999039041194,169.20965988540354,77251200.0,-0.004234584267738595,0.025001229363228798,165.3808349609375,106176850.0,10.029296875,VWAP
2022-02-08,171.13807678222656,171.6471000057892,167.80986639624405,168.1035342150904,74829200.0,0.01846682567613689,0.024410990483156324,166.87395629882812,102079930.0,14.93121337890625,VWAP
2022-02-09,172.55740356445312,172.91958530484067,171.20654095307694,172.3322647747442,71285000.0,0.00829345992962538,0.024167581365644623,168.51780853271484,98380900.0,16.438522338867188,VWAP
2022-02-10,168.48526000976562,171.77430598076174,167.92730472233933,170.46260694632986,90865900.0,-0.023598776236607444,0.02622207996767056,169.80039825439454,95272030.0,12.825897216796875,VWAP
2022-02-11,165.07876586914062,169.42500712943504,164.49143031742815,168.6908451580762,98670700.0,-0.02021835109152903,0.016341156634952357,169.65618438720702,87145530.0,-1.442138671875,VWAP
2022-02-14,165.31370544433594,165.99892030677,163.04269054419584,163.83558309476695,86185500.0,0.0014231968233973102,0.013435987797958782,169.1004165649414,84209920.0,-5.55767822265625,VWAP
2022-02-15,169.14111328125,169.29773807776493,166.654758116967,167.35955476472148,62527400.0,0.02315239275912795,0.015835828331552882,168.94400939941406,81841270.0,-1.5640716552734375,VWAP
2022-02-16,168.9062042236328,169.67951494494773,166.45899759893967,168.2209893560315,61177400.0,-0.001388834760869595,0.015593948078762281,168.64385833740235,79467580.0,-3.0015106201171875,VWAP
2022-02-17,165.31370544433594,168.27971865617212,164.91235997613748,167.4182971510757,69589300.0,-0.021269193726835445,0.016139266903974665,168.27188262939453,77484700.0,-3.719757080078125,VWAP
2022-02-18,163.7670440673828,166.93861378532614,162.68048390268257,166.23383213199764,82772700.0,-0.009355917422551041,0.016298534998485603,167.77362823486328,77515430.0,-4.9825439453125,VWAP
2022-02-22,160.8500213623047,163.16996871038384,158.7258326412145,161.49607262837773,91162800.0,-0.017812025134177234,0.01697601788530031,167.0551300048828,78906590.0,-7.1849822998046875,VWAP
2022-02-23,156.68975830078125,162.6413518716535,156.37650867254357,162.04423283731927,90009200.0,-0.025864236922621853,0.016158838679493612,165.61029815673828,80424590.0,-14.448318481445312,VWAP
2022-02-24,159.3033905029297,159.411068207212,148.79018396900835,149.35793777917277,141147500.0,0.016680300170808238,0.017313173939763015,164.28489685058594,87410840.0,-13.254013061523438,VWAP
2022-02-25,161.36880493164062,161.6330924831591,157.47284137265066,160.38012393186045,91974200.0,0.01296528857414958,0.01747205863492072,163.57325134277343,87521670.0,-7.116455078125,VWAP
2022-02-28,161.63307189941406,161.92673963359974,158.9998756125995,159.6165763607333,95056600.0,0.001637658331084424,0.016585841159965573,163.2286819458008,87160260.0,-3.4456939697265625,VWAP
2022-03-01,159.753662109375,163.08187242749526,158.54964050687724,161.2219862371019,83474400.0,-0.011627631449142029,0.01680010545813555,162.67267761230468,86889150.0,-5.5600433349609375,VWAP
2022-03-02,163.04266357421875,163.82577254598857,159.50889722189146,160.91849038376492,79724800.0,0.02058795661655588,0.016365614576941655,162.06283264160157,88608890.0,-6.09844970703125,VWAP
2022-03-03,162.7196502685547,165.3430634011942,162.05401727070716,164.91235266773373,76678400.0,-0.001981158174081399,0.01635801512983928,161.44417724609374,90158990.0,-6.186553955078125,VWAP
2022-03-04,159.72430419921875,162.05405003585454,158.67690737340956,161.01643666085187,83737200.0,-0.01840801688297866,0.0160365642913847,160.88523712158204,91573780.0,-5.5894012451171875,VWAP
2022-03-07,155.93600463867188,161.53521443024337,155.68148559760553,159.91026569329455,96418800.0,-0.023717740262132248,0.017235672565099582,160.10213317871094,92938390.0,-7.8310394287109375,VWAP
2022-03-08,154.11529541015625,159.44041971330986,152.50992837199067,155.4661583222758,131148300.0,-0.011676002811117914,0.016823436760385575,159.42866058349608,96936940.0,-6.7347259521484375,VWAP
2022-03-09,159.50894165039062,159.95923428896205,156.04370327606966,158.06998280822745,91454900.0,0.03499747527252195,0.018963943948582116,159.71057891845703,97081510.0,2.819183349609375,VWAP
2022-03-10,155.1724853515625,157.0029911685478,152.6861150001443,156.81700107101284,105342000.0,-0.02718628970865289,0.02020953309332133,159.2974884033203,93500960.0,-4.1309051513671875,VWAP
2022-03-11,151.46253967285156,155.9164596416208,151.23740079888486,155.57384466842046,96970100.0,-0.02390852779283381,0.020448775004613635,158.3068618774414,94000550.0,-9.906265258789062,VWAP
2022-03-14,147.43930053710938,150.86538982544317,146.9302923114544,148.2517749321591,108732100.0,-0.02656260184486603,0.02118988434485368,156.88748474121093,95368100.0,-14.193771362304688,VWAP
2022-03-15,151.8148956298828,152.28477002224423,147.2043670461277,147.71337523300835,92964300.0,0.02967726431713591,0.024393175099197688,156.0936080932617,96317090.0,-7.9387664794921875,VWAP
2022-03-16,156.21987915039062,156.6212246232631,151.19822129277074,153.73352378158447,102300200.0,0.029015489568605668,0.02548938559206274,155.4113296508789,98574630.0,-6.822784423828125,VWAP
2022-03-17,157.22813415527344,157.60011436017203,154.30128444798586,155.26058530967927,75615400.0,0.00645407620570615,0.0257013922901278,154.86217803955077,98468330.0,-5.49151611328125,VWAP
2022-03-18,160.5171661376953,161.0066074424884,156.3862803303168,157.1204422875064,123511700.0,0.020918851451698472,0.026109683769548506,154.94146423339845,102445780.0,0.7928619384765625,VWAP
2022-03-21,161.8876190185547,162.83713639325782,159.56765695852218,160.05709828830467,95811400.0,0.008537734086856208,0.024698345155125027,155.53662567138673,102385040.0,5.9516143798828125,VWAP
2022-03-22,165.25497436523438,165.84229498697945,161.42753966012307,162.01486028186812,81532000.0,0.020800573676321266,0.024538827275403356,156.65059356689454,97423410.0,11.139678955078125,VWAP
2022-03-23,166.61563110351562,168.99430889731204,164.1096788423283,164.44251031244588,98062700.0,0.008233680973947832,0.02255883144994381,157.36126251220702,98084190.0,7.106689453125,VWAP
2022-03-24,170.3941192626953,170.46263328488442,166.61563143205333,167.4476727675763,90131400.0,0.0226778732232642,0.02013317509307697,158.8834259033203,96563130.0,15.221633911132812,VWAP
2022-03-25,171.03036499023438,171.578536843318,169.10196511927478,170.20810721060892,80546200.0,0.0037339652934744727,0.016613719222432575,160.8402084350586,94920740.0,19.567825317382812,VWAP
2022-03-28,171.8917999267578,172.0190445148475,168.36781639958284,168.53422465828777,90371900.0,0.00503673681905914,0.010130620029088874,163.28545837402345,93084720.0,24.452499389648438,VWAP
2022-03-29,175.18081665039062,175.2297488255487,172.6161343745908,172.95874922006587,100589400.0,0.019134227025572104,0.008974929505978882,165.6220504760742,93847230.0,23.365921020507812,VWAP
2022-03-30,174.01597595214844,175.81711647524634,172.96856432856262,174.77950323773482,92633200.0,-0.006649362187680974,0.009609508449142266,167.40166015625,92880530.0,17.796096801757812,VWAP
2022-03-31,170.92271423339844,174.27049138056103,170.7171422878286,174.0845012718467,103049300.0,-0.017775734106163843,0.01322589006296825,168.7711181640625,95623920.0,13.694580078125,VWAP
2022-04-01,170.62904357910156,171.18701389593227,168.30909632537671,170.35495761395958,78751300.0,-0.0017181487879712742,0.012787431569111274,169.7823059082031,91147880.0,10.11187744140625,VWAP
2022-04-04,174.6717987060547,174.72074581921223,170.75626863844195,170.88352814533914,76468400.0,0.02369324144443774,0.013941186834979137,171.06072387695312,89213580.0,12.7841796875,VWAP
2022-04-05,171.36322021484375,174.53480585728352,170.7367358216346,173.75169663163055,73401800.0,-0.018941686727453666,0.01538667440744069,171.67154846191406,88400560.0,6.108245849609375,VWAP
2022-04-06,168.201416015625,169.9634078617043,166.537318414103,168.7202226513366,89058800.0,-0.018450891593042473,0.016772715680001698,171.830126953125,87500170.0,1.585784912109375,VWAP
2022-04-07,168.5048370361328,169.69907490999924,166.2632026288955,167.5455363451221,77594700.0,0.0018039147808341927,0.014989440968424824,171.64119873046874,86246500.0,-1.8892822265625,VWAP
2022-04-08,166.4981689453125,168.15248323813117,165.6269638660641,168.15248323813117,76575500.0,-0.011908667585548427,0.015252872467751461,171.18797912597657,85849430.0,-4.532196044921875,VWAP
2022-04-11,162.2498016357422,165.4605355802755,162.00508096962494,165.14730089465874,72246700.0,-0.02551600018475708,0.01656198426163967,170.223779296875,84036910.0,-9.641998291015625,VWAP
2022-04-12,164.11944580078125,166.28276779117587,163.12098145475815,164.4718441031093,79265200.0,0.011523244689300105,0.01543381480225997,169.11764221191407,81904490.0,-11.061370849609375,VWAP
2022-04-13,166.8015899658203,167.42807423573976,163.24825626550123,163.8551587010773,70618900.0,0.01634263479231346,0.017022371973755297,168.39620361328124,79703060.0,-7.214385986328125,VWAP
2022-04-14,161.79953002929688,167.65325987659003,161.55480933143042,167.01697710019764,75329400.0,-0.02998808307251999,0.018487924299739344,167.4838851928711,76931070.0,-9.123184204101562,VWAP
2022-04-18,161.5841522216797,163.0818413516457,160.11582837374732,160.45842830966066,69023900.0,-0.0013311398838933286,0.018496695613776818,166.57939605712892,75958330.0,-9.044891357421875,VWAP
2022-04-19,163.86497497558594,164.27611889634176,160.44868355818875,161.5352440651779,67723800.0,0.014115386456817536,0.01701881113936507,165.49871368408202,75083870.0,-10.80682373046875,VWAP
2022-04-20,163.69854736328125,165.31371275678185,162.59242008519655,165.19623667762264,67929800.0,-0.0010156387130897393,0.016466840542990392,164.73224639892578,74536670.0,-7.6646728515625,VWAP
2022-04-21,162.90565490722656,167.90774603308134,162.4064301142371,165.34307817395856,87227800.0,-0.004843613268571634,0.01572620688075749,164.20267028808593,74353570.0,-5.2957611083984375,VWAP
2022-04-22,158.37342834472656,164.3250370614869,158.08955892864606,162.94482378114378,84882400.0,-0.02782117394930872,0.017404419289299984,163.1895294189453,75082340.0,-10.13140869140625,VWAP
2022-04-25,159.4404296875,159.72429911751857,155.11376965466397,157.71758646013552,96046400.0,0.006737249764215081,0.017702588229272165,162.48375549316407,77029430.0,-7.0577392578125,VWAP
2022-04-26,153.48880004882812,158.91180327087787,153.4104876456948,158.82370741856425,95623200.0,-0.037328233813324174,0.01957909615757357,161.60765533447267,79367080.0,-8.761001586914062,VWAP
2022-04-27,153.26365661621094,156.41564486229873,152.0987839265491,152.61759051221244,88063200.0,-0.0014668394863049938,0.018747690940387637,160.52207641601564,80246880.0,-10.855789184570312,VWAP
2022-04-28,160.1843719482422,161.04579354437072,155.57382764277364,155.88707729102595,130216800.0,0.045155619308767214,0.024120066489197338,159.8603546142578,86206670.0,-6.617218017578125,VWAP
2022-04-29,154.32083129882812,162.69028026576655,153.9292842451666,158.42235165998022,131747600.0,-0.036604948273659677,0.024993891913767902,159.11248474121095,91848490.0,-7.47869873046875,VWAP
2022-05-02,154.62428283691406,154.88857035171824,150.0333216240582,153.40067973909794,123055300.0,0.0019663679590886662,0.025061132096775077,158.41649780273437,97251630.0,-6.959869384765625,VWAP
2022-05-03,156.11219787597656,157.31623426694395,153.0189401124905,154.81028218380573,88966500.0,0.009622777300974494,0.024736262072642866,157.64122009277344,99375900.0,-7.752777099609375,VWAP
2022-05-04,162.51409912109375,162.964376768375,155.8968429541357,156.29818841895514,108256500.0,0.04100833459665454,0.028663255554359553,157.52277526855468,103408570.0,-1.1844482421875,VWAP
2022-05-05,153.45944213867188,160.61507214954577,151.67786848905013,160.38993331507154,130525300.0,-0.055716131901115906,0.03363182531293032,156.57815399169922,107738320.0,-9.446212768554688,TWAP
2022-05-06,154.1848602294922,156.30235682996496,151.1458596477854,152.93984857664353,116124600.0,0.004727099751638653,0.032790101549452666,156.15929718017577,110862540.0,-4.188568115234375,TWAP
2022-05-09,149.067626953125,152.76344175992415,148.50885169375428,151.88114377776745,131577900.0,-0.033188947791310874,0.03399110345997382,155.12201690673828,114415690.0,-10.372802734375,TWAP
2022-05-10,151.46934509277344,153.6554710112095,149.92043660074285,152.4594785674708,115366700.0,0.016111601081592708,0.03272773814883944,154.92007141113282,116390040.0,-2.0194549560546875,TWAP
2022-05-11,143.61703491210938,152.39090538432075,142.94061098912724,150.47928231405317,142689800.0,-0.05184091986305617,0.03649511404659336,153.95540924072264,121852700.0,-9.646621704101562,TWAP
2022-05-12,139.75454711914062,143.32291464808353,136.06854586723028,139.9604210928437,182602000.0,-0.026894356893891525,0.03215496794757796,151.9124267578125,127091220.0,-20.429824829101562,TWAP
2022-05-13,144.21499633789062,145.18551933414366,140.29371306035543,141.74458368466105,113990900.0,0.0319163083470011,0.03384167553003738,150.90184326171874,125315550.0,-10.1058349609375,TWAP
2022-05-16,142.67591857910156,144.61696502202452,141.3426813570236,142.68573136301794,86643800.0,-0.010672106215521837,0.03373745108030688,149.7070068359375,121674400.0,-11.9483642578125,TWAP
2022-05-17,146.3031005859375,146.8226694807634,143.7934664467187,145.9305738468132,78336300.0,0.025422524298134963,0.03497530493053028,148.7260971069336,120611380.0,-9.809097290039062,TWAP
2022-05-18,138.04876708984375,144.46005783667513,137.14685888931075,143.96009966859182,109742900.0,-0.05641940234373366,0.03400912066551805,146.2795639038086,120760020.0,-24.46533203125,TWAP
2022-05-19,134.64707946777344,138.87226008655338,133.91183880440775,137.12729010884627,136095600.0,-0.024641202480689017,0.031249714555766965,144.39832763671876,121317050.0,-18.812362670898438,TWAP
2022-05-20,134.88232421875,137.9311222550243,130.00033122355916,136.3528052981394,137426100.0,0.0017471210805790616,0.031080425570308833,142.46807403564452,123447200.0,-19.302536010742188,TWAP
2022-05-23,140.29371643066406,140.4407585737006,134.941158046499,135.07840236616943,117726300.0,0.040119357693880975,0.034234500839216184,141.59068298339844,122062040.0,-8.773910522460938,TWAP
2022-05-24,137.59783935546875,139.17615657107172,134.62746828487894,138.03898075989613,104132700.0,-0.019215950249116598,0.03357115892972525,140.20353240966796,120938640.0,-13.871505737304688,TWAP
2022-05-25,137.75469970703125,138.99969650386015,135.61759232548434,135.7058176181396,92482700.0,0.001139991385745942,0.030064843508733577,139.61729888916017,115917930.0,-5.862335205078125,TWAP
2022-05-26,140.95054626464844,141.49952360823443,134.44121569632296,134.68629593603174,90601500.0,0.023199546472199684,0.02995312510368198,139.73689880371094,106717880.0,1.1959991455078125,VWAP
2022-05-27,146.6951904296875,146.73439667634008,142.4013809336445,142.5288274126525,90978500.0,0.040756451942037364,0.031068132532838976,139.98491821289062,104416640.0,2.480194091796875,TWAP
2022-05-31,145.9109649658203,147.69515625482543,143.95032308788612,146.13644955191023,103718400.0,-0.005345952117244646,0.03086903096030775,140.3084228515625,106124100.0,3.23504638671875,TWAP
2022-06-01,145.7835235595703,148.75389460714223,144.7737792988703,146.95009283292427,74286600.0,-0.0008734189804026071,0.029818214173904272,140.25646514892577,105719130.0,-0.5195770263671875,VWAP
2022-06-02,148.23431396484375,148.29313081917098,143.96991252402043,144.920824891666,72348100.0,0.016811161820162734,0.02250554174753756,141.27501983642577,101979650.0,10.185546875,VWAP
2022-06-03,142.51905822753906,145.05808578629097,141.6171647882395,144.0091352358549,88570300.0,-0.03855555157532664,0.02499681073939463,142.06221771240234,97227120.0,7.871978759765625,VWAP
2022-06-06,143.26409912109375,145.64628674294468,142.04849579123675,144.13658414441952,71598400.0,0.005227657990590995,0.02495554774161259,142.90039520263673,90644350.0,8.38177490234375,VWAP
2022-06-07,145.7835235595703,146.06781003090646,141.26424373812603,141.50932395629872,67808200.0,0.017585874297419313,0.022457483464704244,143.44937591552736,85652540.0,5.48980712890625,VWAP
2022-06-08,145.0482940673828,146.92069570984725,144.5581335933167,145.65608826850138,53950200.0,-0.0050432962123259095,0.021238573002266378,144.19442138671874,80634290.0,7.4504547119140625,VWAP
2022-06-09,139.8329620361328,145.03846322934638,139.7251261469218,144.1855888973648,69473000.0,-0.03595583157170534,0.02499096616468684,144.4022476196289,78333320.0,2.0782623291015625,VWAP
2022-06-10,134.431396484375,137.98995082700978,134.36276684809005,137.51940103001422,91437900.0,-0.03862870007975694,0.026693341878837023,143.75033264160157,78416960.0,-6.5191497802734375,VWAP
2022-06-13,129.28472900390625,132.53938671229503,128.85338540144875,130.25523715092532,122207100.0,-0.03828471335613137,0.023325682181878745,142.00928649902343,81539820.0,-17.41046142578125,VWAP
2022-06-14,130.1473846435547,131.25515193955982,128.8925752102517,130.51011351307002,84784300.0,0.006672525411894448,0.02402334855241426,140.43292846679688,79646410.0,-15.763580322265625,VWAP
2022-06-15,132.76487731933594,134.63729418113485,129.55923814253225,131.64731188113106,91533000.0,0.02011175778099572,0.025862522170675226,139.13106384277344,81371050.0,-13.018646240234375,VWAP
2022-06-16,127.50052642822266,129.78467578709342,126.50059498012912,129.48077871917013,108123900.0,-0.03965168346784276,0.025763167607527625,137.05768508911132,84948630.0,-20.733787536621094,VWAP
2022-06-17,128.9710235595703,130.4611156124141,127.25546187351353,127.5103548974603,134520300.0,0.011533263214999145,0.025466941936181924,135.70288162231446,89543630.0,-13.54803466796875,VWAP
2022-06-21,133.1961669921875,134.36275100339577,130.696361206463,130.7943843000857,81000500.0,0.03276040862516405,0.028554452593049878,134.69608840942382,90483840.0,-10.06793212890625,VWAP
2022-06-22,132.68646240234375,135.04902480535304,131.27479767249656,132.1374700396713,73409200.0,-0.0038267211538726142,0.02728995440561202,133.38638229370116,91043940.0,-13.097061157226562,VWAP
2022-06-23,135.54896545410156,135.8626603415122,132.9609190593017,134.12750324123766,72433800.0,0.021573437108285187,0.028968517708799043,132.43644943237305,92892300.0,-9.49932861328125,VWAP
2022-06-24,138.8722686767578,139.1173489130396,137.01946268880786,137.14689423988725,89116800.0,0.024517363238611756,0.02841270636892585,132.34038009643555,94856680.0,-0.960693359375,VWAP
2022-06-27,138.8722686767578,140.6662578013618,138.19584483125837,139.89179587794544,70207900.0,0.0,0.02505337275215736,132.78446731567382,92733680.0,4.4408721923828125,VWAP
2022-06-28,134.73526000976562,140.59757276365806,134.61762632941807,139.33296582440792,67083400.0,-0.02979002724166324,0.023578243026908707,133.32952041625975,87221310.0,5.450531005859375,VWAP
2022-06-29,136.49008178710938,137.90174634957765,133.98046254650382,134.75492447437682,66242400.0,0.013024220810621934,0.023731617284530375,133.96379013061522,85367120.0,6.3426971435546875,VWAP
2022-06-30,134.0294647216797,135.64698810352084,131.1375212724895,134.5490335635321,98964500.0,-0.01802780856463726,0.024099519130374714,134.09024887084962,86110270.0,1.26458740234375,VWAP
2022-07-01,136.19598388671875,136.3038197907336,132.9903451154339,133.36285690870372,71051600.0,0.016164499123666465,0.01963375108260129,134.9597946166992,82403040.0,8.695457458496094,VWAP
2022-07-05,138.77418518066406,138.82320420357954,134.23529590349486,135.05877659635996,73353800.0,0.018930083107955298,0.019968661697281724,135.9401107788086,76286390.0,9.80316162109375,VWAP
2022-07-06,140.10743713378906,141.28381901974345,138.30365057809186,138.56834136394644,74064300.0,0.009607348451654119,0.017959770970951847,136.63123779296876,75592770.0,6.9112701416015625,VWAP
2022-07-07,143.46998596191406,143.66604717243726,140.4603932776671,140.47019110271424,66253700.0,0.02399978828328786,0.018548853850089836,137.70959014892577,74877220.0,10.783523559570312,VWAP
2022-07-08,144.14637756347656,144.64635079248632,142.1465295229667,142.40140757015126,64547800.0,0.004714516398865776,0.01793404584946404,138.56933135986327,74088620.0,8.597412109375,VWAP
2022-07-11,142.01907348632812,143.7542455393016,140.95052737444695,142.8033331399919,63141600.0,-0.014757943370527271,0.017804741157931524,138.8840118408203,71491100.0,3.1468048095703125,VWAP
2022-07-12,142.9896240234375,145.52865186539117,142.19556639366533,142.89158593841137,77588800.0,0.00683394499966794,0.01783409286585542,139.29574737548828,72229190.0,4.1173553466796875,VWAP
2022-07-13,142.6269073486328,143.56800712971256,139.3232154144063,140.17610485424197,71185600.0,-0.002536664301916347,0.013903956436462573,140.084912109375,72639410.0,7.8916473388671875,VWAP
2022-07-14,145.54824829101562,146.01879814456234,140.4309718883509,141.244640047542,78140700.0,0.02048239702233734,0.014521144120066009,140.99072875976563,73829240.0,9.05816650390625,VWAP
2022-07-15,147.2147979736328,147.89122183493336,145.28356446993823,146.83247339444262,76259900.0,0.011450152799400426,0.011696866129337881,142.30926208496095,71558780.0,13.185333251953125,VWAP
2022-07-18,144.17579650878906,148.58724039251226,143.81306761767442,147.77357228115997,81420900.0,-0.02064331511963935,0.014754467801625247,143.10724334716798,72595710.0,7.9798126220703125,VWAP
2022-07-19,148.02847290039062,148.25394254490203,144.01896354895925,145.0090823866063,82982400.0,0.026722074612341107,0.015699916274411117,144.0326721191406,73558570.0,9.254287719726562,VWAP
2022-07-20,150.0283203125,150.69494637561027,147.41086501912858,148.14610577429508,64823400.0,0.01350988342259729,0.01583128188960898,145.0247604370117,72634480.0,9.920883178710938,VWAP
2022-07-21,152.29286193847656,152.50853373902038,148.94996398855773,151.45958316742,65086600.0,0.01509409437671283,0.014995757731793305,145.90704803466798,72517770.0,8.8228759765625,VWAP
2022-07-22,151.05763244628906,153.2045374479934,150.3910214648786,152.3320525114364,66675400.0,-0.008110882391103247,0.015659926257402132,146.59817352294922,72730530.0,6.9112548828125,VWAP
2022-07-25,149.94009399414062,151.98896129458768,149.28328071900498,150.97923186102722,53623900.0,-0.00739809325785501,0.014787001864902977,147.39027557373046,71778760.0,7.9210205078125,VWAP
2022-07-26,148.6166229248047,150.07729118277658,147.83236337932289,149.26362321320852,55138700.0,-0.00882666559744627,0.015449240839906056,147.95297546386718,69533750.0,5.6269989013671875,VWAP
2022-07-27,153.70452880859375,154.23391054533735,149.16565257909815,149.57738561961435,78620700.0,0.03423510630007631,0.0179078472830225,149.06073760986328,70277260.0,11.077621459960938,VWAP
2022-07-28,154.25347900390625,154.53776544520662,151.37133354934207,153.89075014754778,81378700.0,0.003571464026255855,0.017351384575755545,149.93126068115234,70601060.0,8.705230712890625,VWAP
2022-07-29,159.3119354248047,160.409904944982,156.36117506106663,158.0669387195233,101786900.0,0.03279314316645232,0.01930440965284656,151.14097442626954,73153760.0,12.097137451171875,VWAP
2022-08-01,158.3316192626953,160.3706884793457,157.72382510643268,157.84145882480365,67829400.0,-0.006153438281289891,0.017352818915234786,152.55655670166016,71794610.0,14.15582275390625,VWAP
2022-08-02,156.8611602783203,159.21393969022574,156.48864846428177,156.94940053816907,59907000.0,-0.009287209915634698,0.017126718621893727,153.43982543945313,69487070.0,8.832687377929688,VWAP
2022-08-03,162.86070251464844,163.3116417148104,157.58657171952115,157.67479700322565,82507500.0,0.038247468179395616,0.01990270612767519,154.72306365966796,71255480.0,12.832382202148438,VWAP
2022-08-04,162.54696655273438,163.8998138528489,161.19411925261988,162.74302769340886,55474100.0,-0.001926406782420953,0.019995763616116644,155.74847412109375,70294230.0,10.254104614257812,VWAP
2022-08-05,162.3212127685547,162.81205403488926,160.01425282506756,160.22041274781424,56697000.0,-0.0013888526434385762,0.019550020027617045,156.8748321533203,69296390.0,11.263580322265625,VWAP
2022-08-08,161.84999084472656,164.7361398246356,161.19226535966965,163.32251461167718,60276900.0,-0.0029030212120212395,0.019221219949846585,158.0658218383789,69961690.0,11.909896850585938,VWAP
2022-08-09,161.89907836914062,162.78260161908204,160.2596703687026,161.01557009848565,63135500.0,0.0003032902514104041,0.018546807005583647,159.3940673828125,70761370.0,13.282455444335938,VWAP
2022-08-10,166.13995361328125,166.23811287684435,163.8428051524665,164.60851631297595,70170500.0,0.026194560752663243,0.017461703718399505,160.63760986328126,69916350.0,12.4354248046875,VWAP
2022-08-11,165.40370178222656,167.85790820975464,165.10919401506573,166.9449356294848,57149200.0,-0.004431515809667497,0.01786320558967541,161.75263214111328,67493400.0,11.150222778320312,VWAP
2022-08-12,168.9475860595703,169.01629605421468,166.29703098384925,166.70935086886797,68039400.0,0.021425664837959157,0.016347037457341174,162.71619720458983,64118650.0,9.635650634765625,VWAP
2022-08-15,170.0176239013672,170.2139574393794,168.21133138479297,168.37821564106778,54091700.0,0.006333549160149499,0.01578199491437621,163.88479766845703,62744880.0,11.686004638671875,VWAP
2022-08-16,169.8605499267578,170.52810192661653,168.51564947224608,169.61512926108554,56377100.0,-0.0009238687790419364,0.01501061695696851,165.1847366333008,62391890.0,12.9993896484375,VWAP
2022-08-17,171.3527069091797,172.92339013736907,169.4089794863745,169.60531301748716,79542000.0,0.008784599973715279,0.010709564813230632,166.0339370727539,62095340.0,8.49200439453125,VWAP
2022-08-18,170.95999145507812,171.696253287321,169.94885973714076,170.56732446959606,62290100.0,-0.0022918543931127466,0.010736971309858078,166.87523956298827,62776940.0,8.41302490234375,VWAP
2022-08-19,168.37820434570312,170.55754092380556,168.1720444080825,169.86053968443733,70346300.0,-0.015101703547133138,0.012405301833414588,167.48093872070314,64141870.0,6.0569915771484375,VWAP
2022-08-22,164.50057983398438,166.74862666169574,164.07844847706937,166.58174239756778,69026800.0,-0.023029254450044334,0.01497011427881189,167.7459976196289,65016860.0,2.6505889892578125,VWAP
2022-08-23,164.1667938232422,165.61969500518398,163.597416059393,164.0195474098714,54147100.0,-0.0020290871380456155,0.015012857783241811,167.97276916503907,64118020.0,2.2677154541015625,VWAP
2022-08-24,164.46128845214844,165.03066617037743,163.2047358944321,164.25514348994625,53841500.0,0.0017938745226597774,0.01228758399860047,167.80490264892578,62485120.0,-1.6786651611328125,VWAP
2022-08-25,166.91546630859375,167.02345197761028,165.2662469773801,165.6883632421721,51218200.0,0.014922526021431404,0.013170265464436089,167.9560791015625,61892020.0,1.5117645263671875,VWAP
2022-08-26,160.62289428710938,167.91680343416758,160.56399573070382,167.44560000363606,78961000.0,-0.03769915491144871,0.015953331201987636,167.1236099243164,62984180.0,-8.324691772460938,VWAP
2022-08-29,158.42393493652344,159.91608162954805,156.89251255304256,158.19813716461735,73314000.0,-0.013690198774872986,0.01563683781529314,165.96424102783203,64906410.0,-11.59368896484375,VWAP
2022-08-30,155.99920654296875,159.58234252318653,154.83100169515882,159.16022613846985,77906200.0,-0.015305316046632877,0.015684702996738575,164.57810668945314,67059320.0,-13.861343383789062,VWAP
2022-08-31,154.3401336669922,157.63858767600124,154.2615972644816,157.3735291899389,87991100.0,-0.010635136631413467,0.014481553430007841,162.87684936523436,67904230.0,-17.0125732421875,VWAP
2022-09-01,155.06655883789062,155.51812435449008,151.83681534634707,153.77073087696763,74229900.0,0.004706651171274778,0.01506910448930532,161.28750610351562,69098210.0,-15.8934326171875,VWAP
2022-09-02,152.9559783935547,157.4226376540656,152.13136852434044,156.82381061062185,76957800.0,-0.013610803387611004,0.015015979018340486,159.7452835083008,69759360.0,-15.422225952148438,VWAP
2022-09-06,151.6994171142578,154.21252227519972,150.87480729194033,153.60388383195894,73714800.0,-0.008215182515218578,0.014238931215688066,158.4651672363281,70228160.0,-12.801162719726562,VWAP
2022-09-07,153.1032257080078,153.80021196934476,150.79626559392008,151.9841081371773,87449600.0,0.009253882582110906,0.015178570875762193,157.3588104248047,73558410.0,-11.063568115234375,VWAP
2022-09-08,151.63070678710938,153.49589780674214,149.88329791132227,151.8074024718103,84923800.0,-0.009617817744132728,0.014882767641379246,156.07575225830078,76666640.0,-12.830581665039062,VWAP
2022-09-09,154.48739624023438,154.92916542303703,151.91539245059826,152.62220516793604,68028800.0,0.018839781952186163,0.01558768178934726,154.83294525146485,78347700.0,-12.428070068359375,VWAP
2022-09-12,160.4364013671875,161.25119983056848,156.38206187837264,156.66674327917335,104956000.0,0.038508028950803075,0.017718832100547366,154.81429595947264,80947200.0,-0.186492919921875,VWAP
2022-09-13,151.02207946777344,157.59935128029267,150.56068735003652,156.9710748828432,122656600.0,-0.058679463134227894,0.025562933372257245,154.07411041259766,85881460.0,-7.40185546875,VWAP
2022-09-14,152.46511840820312,154.22233860679495,150.79626102566698,151.95463927472932,87965400.0,0.009555152104349096,0.025601527563161492,153.7207015991211,86887380.0,-3.534088134765625,VWAP
2022-09-15,149.57894897460938,152.39638777057854,148.60709294324934,151.81718374523024,90481100.0,-0.01893003110302549,0.026043335916269846,153.2445831298828,87136380.0,-4.7611846923828125,VWAP
2022-09-16,147.93959045410156,148.577693242223,145.65226780231728,148.44025825358446,162278800.0,-0.010959821096122924,0.026011519758250178,152.5318862915039,95941270.0,-7.1269683837890625,VWAP
2022-09-19,151.65032958984375,151.72886599832884,146.36888718799335,146.5750321533895,81474200.0,0.025082799839799774,0.02733121389222661,152.4013214111328,96392910.0,-1.3056488037109375,VWAP
2022-09-20,154.02597045898438,155.1843635395565,150.2759512881002,150.59008188296497,107689800.0,0.015665253584122185,0.027625467440306643,152.63397674560548,99790410.0,2.3265533447265625,VWAP
2022-09-21,150.9042510986328,155.83230196535132,150.78645397951445,154.4579373320565,101696800.0,-0.020267487041627508,0.02831763965504448,152.41407928466796,101215130.0,-2.198974609375,VWAP
2022-09-22,149.94223022460938,151.6405372059972,148.1457489754599,149.58882383167358,86652500.0,-0.006375041571192397,0.02822743415655733,152.24523162841797,101388000.0,-1.6884765625,VWAP
2022-09-23,147.67449951171875,148.6954577569954,145.83875792782328,148.42058784002563,96029900.0,-0.01512402949785141,0.027644927770579253,151.5639419555664,104188110.0,-6.812896728515625,VWAP
2022-09-26,148.00830078125,150.95334879982894,146.89899456754617,146.91863241520423,93339400.0,0.002260385311174007,0.023494671029377665,150.32113189697264,103026450.0,-12.4281005859375,VWAP
2022-09-27,148.98013305664062,151.88591989139582,147.20329010150107,149.9421927062511,84442700.0,0.0065660660264383885,0.015481138234491605,150.11693725585937,99205060.0,-2.0419464111328125,VWAP
2022-09-28,147.09530639648438,147.8806554147203,142.18689375661808,144.93560783080054,146691400.0,-0.01265153025094734,0.015350721496669877,149.5799560546875,105077660.0,-5.36981201171875,VWAP
2022-09-29,139.87013244628906,144.03247205665744,138.1031007730531,143.42383363893248,128138200.0,-0.049118997248766005,0.020747907514813122,148.60907440185548,108843370.0,-9.708816528320312,VWAP
2022-09-30,135.66851806640625,140.4787712884576,135.47218456289696,138.69210195416497,124925300.0,-0.030039396591665213,0.02204134315165292,147.38196716308593,105108020.0,-12.271072387695312,VWAP
2022-10-03,139.84068298339844,140.44933637961338,135.1678792129988,135.67835835777296,114311700.0,0.030752638684753864,0.02304827310312972,146.2010025024414,108391770.0,-11.809646606445312,VWAP
2022-10-04,143.4238739013672,143.54167105288877,141.6175660287155,142.37346603599343,87830100.0,0.025623379702701676,0.024354454966271286,145.1407928466797,106405800.0,-10.602096557617188,VWAP
2022-10-05,143.7183380126953,144.68039782185656,140.39043433471556,141.43103055560152,79471000.0,0.0020531038753746067,0.02400719403604745,144.42220153808594,104183220.0,-7.1859130859375,VWAP
2022-10-06,142.7660675048828,144.83741801539523,142.55992258457076,143.13911161877988,68402200.0,-0.006625949902985817,0.02400938014264851,143.70458526611327,102358190.0,-7.1761627197265625,VWAP
2022-10-07,137.52394104003906,140.47881588020488,136.8956646418059,139.9290609248713,85925600.0,-0.03671829417494088,0.025950673411522265,142.6895294189453,101347760.0,-10.150558471679688,VWAP
2022-10-10,137.8478546142578,139.2909290851068,136.0317509799681,137.8478546142578,74899000.0,0.002355324983920104,0.02595436940594828,141.6734848022461,99503720.0,-10.160446166992188,VWAP
2022-10-11,136.43423461914062,138.76083241469453,135.68816128454225,137.33738075448184,77033700.0,-0.010254929241176436,0.025534974690968416,140.41889495849608,98762820.0,-12.5458984375,VWAP
2022-10-12,135.8059539794922,137.78895683135124,135.6292583188671,136.5814915458878,70433700.0,-0.0046050072505797734,0.025515074959829347,139.2899597167969,91137050.0,-11.289352416992188,VWAP
2022-10-13,140.3708038330078,140.9598044199806,131.90868942611982,132.5173428390662,113224000.0,0.033613031827786743,0.023941979345659874,139.34002685546875,89645630.0,0.50067138671875,VWAP
2022-10-14,135.84524536132812,141.87277603175662,135.65872326737428,141.66661609125816,88598000.0,-0.03224002675843851,0.02426301155579811,139.35769958496093,86012900.0,0.176727294921875,VWAP
2022-10-17,139.80140686035156,140.282421693242,137.70060693296034,138.48595592005591,85250900.0,0.02912256140066316,0.024040857529470376,139.35377197265626,83106820.0,-0.039276123046875,VWAP
2022-10-18,141.1168670654297,144.0128276023933,138.03438444661543,142.82500010106065,99136600.0,0.009409491897260702,0.022644329715165515,139.1230712890625,84237470.0,-2.3070068359375,VWAP
2022-10-19,141.22486877441406,142.29489928414645,138.90809708603376,139.09461918905455,61758300.0,0.0007653352234238131,0.022626233746656326,138.87372436523438,82466200.0,-2.49346923828125,VWAP
2022-10-20,140.76348876953125,143.21769564184982,140.03703814278057,140.4002709458009,64522000.0,-0.003266988377378488,0.022566830611627096,138.67346649169923,82078180.0,-2.0025787353515625,VWAP
2022-10-21,144.5723876953125,145.14176534962488,140.03700430524796,140.25297565616944,86548600.0,0.027058855666880044,0.020306855612693433,139.37831115722656,82140480.0,7.0484466552734375,VWAP
2022-10-24,146.71246337890625,147.47817461798252,143.3256613631015,144.49386606815804,75981900.0,0.014802796839075372,0.020494032928714434,140.2647720336914,82248770.0,8.864608764648438,VWAP
2022-10-25,149.54954528808594,149.6968066869272,146.62413491177583,147.34075911907576,74732300.0,0.019337702086376307,0.01994457830779443,141.57630310058593,82018630.0,13.115310668945312,VWAP
2022-10-26,146.61427307128906,149.20591401942318,145.32825653907994,148.1947823413551,88194300.0,-0.019627423213774975,0.021612632249262777,142.65713500976562,83794690.0,10.808319091796875,VWAP
2022-10-27,142.14764404296875,146.31979510961392,141.48991849585923,145.35775035197634,109180200.0,-0.030465171874149544,0.02261700826440251,142.8348190307617,83390310.0,1.7768402099609375,VWAP
2022-10-28,152.8872528076172,154.61500878306214,145.11232844918345,145.4853576495381,164762400.0,0.07555249217779547,0.029419265616430483,144.5390197753906,91006750.0,17.042007446289062,VWAP
2022-10-31,150.5311737060547,151.41469684238612,149.13718651330186,150.3544780663591,97943200.0,-0.015410566010543914,0.02995038768545365,145.61199645996095,92275980.0,10.729766845703125,VWAP
2022-11-01,147.89048767089844,152.60256746450293,146.39834080336652,152.23934967138234,80379300.0,-0.017542452969328326,0.030985810292217003,146.28935852050782,90400250.0,6.77362060546875,TWAP
2022-11-02,142.3734130859375,149.38262560122348,142.34396380900958,146.22160672381153,93604600.0,-0.03730513484571174,0.03379203015263806,146.40421295166016,93584880.0,1.1485443115234375,TWAP
2022-11-03,136.33609008789062,140.1842842462697,136.2084665510831,139.45783369878677,97918500.0,-0.04240484839962855,0.036536497202142824,145.9614730834961,96924530.0,-4.427398681640625,TWAP
2022-11-04,136.07058715820312,140.28898493787645,132.1373429796548,139.71866273149064,140814800.0,-0.0019474148739071495,0.0350410246349049,145.11129302978514,102351150.0,-8.501800537109375,TWAP
2022-11-07,136.60154724121094,136.82770454508952,133.40578684396397,134.8217569283286,83374600.0,0.003902092980538674,0.0345046729174591,144.10020141601564,103090420.0,-10.110916137695312,TWAP
2022-11-08,137.17189025878906,139.06967336647747,135.19544046730184,138.06670690734794,89908500.0,0.004175231021146697,0.03355886033941019,142.86243591308593,104608040.0,-12.377655029296875,TWAP
2022-11-09,132.61915588378906,136.2377483327938,132.3438299914245,136.18857977969958,74917800.0,-0.033189995168913966,0.03434111150747467,141.46292419433593,103280390.0,-13.9951171875,TWAP
2022-11-10,144.41891479492188,144.41891479492188,137.1719158689749,138.88288280173376,118854000.0,0.08897477014159749,0.045260061660108715,141.69005126953124,104247770.0,2.271270751953125,TWAP
2022-11-11,147.20166015625,147.50648417895965,141.96061049585242,143.38642351170455,93979700.0,0.01926856579195113,0.03809605463831074,141.12149200439453,97169500.0,-5.6855926513671875,TWAP
2022-11-14,145.80535888671875,147.77198095425382,144.96953850636208,146.48384590068005,73374100.0,-0.009485635338956855,0.03792986031808442,140.64891052246094,94712590.0,-4.7258148193359375,TWAP
2022-11-15,147.53599548339844,151.02675299903876,146.0806992107757,149.67962155098414,89868300.0,0.011869499241274672,0.03777864363662538,140.61346130371095,95661490.0,-0.3544921875,TWAP
2022-11-16,146.30685424804688,147.36883205309908,144.83188757505272,146.64119143040293,64218300.0,-0.008331127812736927,0.03561595651467334,141.00680541992188,92722860.0,3.933441162109375,TWAP
2022-11-17,148.20462036132812,148.95193124541828,143.71088233685353,143.98620818910433,80389400.0,0.012971136062182032,0.031826413123218,142.19365844726562,90969950.0,11.8685302734375,TWAP
2022-11-18,148.76512145996094,150.15159363499748,147.4671586821555,149.76810292744864,74829600.0,0.0037819407874484234,0.03166217381390217,143.4631118774414,84371430.0,12.694534301757812,TWAP
2022-11-21,145.5399169921875,147.86053252951336,145.25476328393495,147.65404553488187,58724100.0,-0.02167984293711933,0.03315351558669379,144.35694885253906,81906380.0,8.938369750976562,TWAP
2022-11-22,147.6736297607422,147.90962978782017,144.47786920588229,145.65785433713793,51804100.0,0.01466067050642339,0.033225765004185545,145.40712280273436,78095940.0,10.501739501953125,TWAP
2022-11-23,148.54881286621094,149.29612388958984,146.84767388557262,146.9558387051269,58301400.0,0.005926468435066612,0.02999872657617591,147.00008850097657,76434300.0,15.929656982421875,VWAP
2022-11-25,145.63821411132812,146.3953678932279,144.66473067745702,145.83487333926465,35195900.0,-0.019593551094240103,0.014716840281032128,147.12201843261718,68068490.0,1.21929931640625,VWAP
2022-11-28,141.81314086914062,144.19275214587688,140.98716307142482,142.7177853624681,69246000.0,-0.02626421413862956,0.015441538049765044,146.58316650390626,65595120.0,-5.388519287109375,VWAP
2022-11-29,138.8140411376953,142.393293327039,138.00773375100172,141.88196729880755,83763800.0,-0.021148249824131327,0.016348058576065024,145.8840347290039,66634090.0,-6.9913177490234375,VWAP
2022-11-30,145.55950927734375,146.23799618945276,138.20434805005414,139.0401533008067,111380900.0,0.048593557858872094,0.023194946242475308,145.68638610839844,68785350.0,-1.9764862060546875,VWAP
2022-12-01,145.83485412597656,146.64117635966434,144.1632284025417,145.7365320270306,71250400.0,0.0018916307838616753,0.02306616106924369,145.6391860961914,69488560.0,-0.4720001220703125,VWAP
2022-12-02,145.34320068359375,145.53003217962117,143.21924526160134,143.52408428382984,65447400.0,-0.003371302733694237,0.022612743401111114,145.35304412841796,67994360.0,-2.861419677734375,VWAP
2022-12-05,144.1829376220703,148.40133640660238,143.33728932207632,145.30391187981684,68826400.0,-0.007982919435283953,0.022600713571098514,144.89482574462892,67394040.0,-4.582183837890625,VWAP
2022-12-06,140.5249786376953,144.84171332835018,139.55149534602168,144.61555599946504,64727200.0,-0.02537026256160191,0.022968631666670625,144.3933319091797,67994350.0,-5.0149383544921875,VWAP
2022-12-07,138.587890625,140.97732977170875,137.663575645007,139.817029693259,69721100.0,-0.013784652603930025,0.022252080204074133,143.48475799560546,69786050.0,-9.085739135742188,VWAP
2022-12-08,140.26931762695312,141.12480845757423,138.7451974772698,139.9841640195035,62128300.0,0.012132567963696328,0.022706981661339522,142.65680847167968,70168740.0,-8.279495239257812,VWAP
2022-12-09,139.7874755859375,143.14056922258405,138.54849429856367,139.9644643389149,76097000.0,-0.0034351207317988575,0.022160168515383775,142.0717346191406,74258850.0,-5.850738525390625,VWAP
2022-12-12,142.07862854003906,142.08845624970894,138.70586361029962,140.31849324023466,70462700.0,0.016390259173777233,0.021465804571544903,142.09828338623046,74380520.0,0.2654876708984375,VWAP
2022-12-13,143.04226684570312,147.4671667934874,141.83279839446703,147.00500937638787,93886200.0,0.006782429669867529,0.02012708216931147,142.52110595703124,75392760.0,4.2282257080078125,VWAP
2022-12-14,140.82003784179688,144.21245930698282,138.8042463901484,142.9243237219995,82291200.0,-0.015535471108713117,0.013009021254727839,142.04715881347656,72483790.0,-4.739471435546875,VWAP
2022-12-15,134.22195434570312,139.43350575702271,133.7597969655739,138.75501875197617,98931900.0,-0.04685472037371774,0.018745498537488334,140.88586883544923,75251940.0,-11.612899780273438,VWAP
2022-12-16,132.2651824951172,135.35277902524194,131.4982009688156,134.4088086870883,160156900.0,-0.014578627320133153,0.018766191900280376,139.57806701660155,84722890.0,-13.078018188476562,VWAP
2022-12-19,130.16085815429688,132.94362978303496,129.12839371956332,132.85513540362356,79592600.0,-0.015909888763794622,0.018875063769342244,138.1758590698242,85799510.0,-14.022079467773438,VWAP
2022-12-20,130.09205627441406,131.0261987808424,127.72227301817315,129.19723960857664,77432800.0,-0.0005285911667949339,0.018254303289708278,137.1325668334961,87070070.0,-10.43292236328125,VWAP
2022-12-21,133.18946838378906,134.52677190815584,130.53453175568677,130.76068907847488,85928000.0,0.02380938696857382,0.020550332890862246,136.592724609375,88690760.0,-5.3984222412109375,VWAP
2022-12-22,130.02320861816406,132.31432503613755,128.1254256005218,132.10783812958184,77852100.0,-0.023772598569891,0.02059919190029593,135.5681137084961,90263140.0,-10.246109008789062,VWAP
2022-12-23,129.65940856933594,130.21006041152802,127.4764566205478,128.7350936895975,63814900.0,-0.002797962399901155,0.02061367257458573,134.55530700683593,89034930.0,-10.128067016601562,VWAP
2022-12-27,127.85993194580078,129.2169059676245,126.57179689801649,129.18740783707491,69007800.0,-0.013878488598634053,0.018899633799304507,133.1334373474121,88889440.0,-14.218696594238281,VWAP
2022-12-28,123.9365234375,128.8432433891337,123.76936236247,127.505939784758,85438400.0,-0.030685207231018197,0.01884482844885683,131.2228630065918,88044660.0,-19.105743408203125,VWAP
2022-12-29,127.44693756103516,128.30241331797103,125.59831560715068,125.8539710621533,75703700.0,0.02832429074311915,0.023092063633264756,129.88555297851562,87385910.0,-13.373100280761719,VWAP
2022-12-30,127.76158905029295,127.78125947114631,125.30331909041402,126.2669671564067,77034200.0,0.0024688823072511745,0.019213012447799778,129.2395164489746,85196140.0,-6.4603652954101705,VWAP
2023-01-03,122.98269653320312,128.71539349844326,122.09771520429403,128.10574552902463,112117500.0,-0.03740476736876397,0.02170423531198336,128.3112678527832,80392200.0,-9.282485961914062,VWAP
2023-01-04,124.25119018554688,126.51280869797894,122.99255318811517,124.77234386397704,89113600.0,0.010314407539448345,0.02209389614609489,127.72030105590821,81344300.0,-5.90966796875,VWAP
2023-01-05,122.93355560302734,125.63766124201172,122.67790010774006,125.00834271164996,80962700.0,-0.010604603308442151,0.02212669411030246,127.00445098876953,81697290.0,-7.158500671386719,VWAP
2023-01-06,127.4567642211914,128.11558077623516,122.80570749443298,123.90701849100518,87754700.0,0.036793929826371086,0.02430634013570404,126.43118057250976,81879960.0,-5.732704162597656,VWAP
2023-01-09,127.97795104980467,131.18355527394988,127.72229553056178,128.29261784653937,70790800.0,0.004089126472007321,0.023383174821457405,126.22665481567383,81173830.0,-2.045257568359389,VWAP
2023-01-10,128.54824829101562,129.06940194282927,125.98180587179893,128.0860909010472,63896200.0,0.004456214813042481,0.02344529205931416,126.1155387878418,81181960.0,-1.1111602783203125,VWAP
2023-01-11,131.26220703125,131.28186245070447,128.28277553296553,129.0595847172529,69458900.0,0.0211123743521604,0.023853002704649583,126.45576629638671,81227070.0,3.4022750854492188,VWAP
2023-01-12,131.1835479736328,132.019353473187,129.2464237509339,131.6457054280313,71379600.0,-0.000599251371710241,0.02085736806037426,127.18046875,79821190.0,7.2470245361328125,VWAP
2023-01-13,132.51097106933594,132.66830441383743,129.4627162913207,129.82653652186357,57809700.0,0.010118822948514294,0.019427626698393263,127.68687210083007,78031790.0,5.064033508300781,VWAP
2023-01-17,133.67127990722656,134.99874055778392,131.89148966196402,132.57980425900854,63646600.0,0.008756322805026473,0.019471581019834733,128.27784118652343,76693030.0,5.909690856933608,VWAP
2023-01-18,132.95350646972656,136.2967583598761,132.77650266153844,134.53663801277594,69672800.0,-0.005369690766768742,0.01349088626902503,129.2749221801758,72448560.0,9.970809936523438,VWAP
2023-01-19,133.0124969482422,133.9761376268957,131.53753029546905,131.84235433638028,58280400.0,0.0004436925364510458,0.013655254275589368,130.15105285644532,69365240.0,8.761306762695312,VWAP
2023-01-20,135.569091796875,135.71659745917918,131.98001240951498,133.02231973826562,80223600.0,0.01922071164206196,0.012620322375552825,131.41460647583008,69291330.0,12.635536193847656,VWAP
2023-01-23,138.75502014160156,140.9281441212582,135.59858513124948,135.81491475833332,81760300.0,0.02350040339209536,0.009874364806769047,132.5444320678711,68691890.0,11.298255920410156,VWAP
2023-01-24,140.1513214111328,140.77081216801105,137.95854199183503,137.9683697007518,66435100.0,0.010063068479297499,0.009752923368913,133.76176910400392,68256320.0,12.17337036132814,VWAP
2023-01-25,139.4925079345703,140.0529874380773,136.49340619294276,138.53869500355867,65799300.0,-0.004700729682240223,0.0106347069316825,134.85619506835937,68446630.0,10.944259643554688,VWAP
2023-01-26,141.55747985839844,141.8426334902846,139.53184628445516,140.78065564701856,54105100.0,0.014803461163639842,0.009952428841259792,135.8857223510742,66911250.0,10.295272827148438,VWAP
2023-01-27,143.49456787109375,144.77287517943125,140.69214050710963,140.77080718806803,70555800.0,0.013684109201668404,0.00966188553923327,137.1168243408203,66828870.0,12.311019897460938,VWAP
2023-01-30,140.61351013183594,143.12095684480488,140.4660194445421,142.540806802597,64015300.0,-0.02007781745331272,0.013318298903451965,137.9270782470703,67449430.0,8.1025390625,VWAP
2023-01-31,141.88197326660156,141.93114182979278,139.90552306108117,140.31851198443744,65874500.0,0.009020919352460188,0.013324573319316352,138.7481475830078,67672220.0,8.210693359375,VWAP
2023-02-01,143.00289916992188,144.1632138517995,138.96150571314269,141.56727363630213,77663600.0,0.007900411007211172,0.01270638298785243,139.75308685302736,68471300.0,10.049392700195312,VWAP
2023-02-02,148.302978515625,148.65695608667727,145.69719525256042,146.41500811186492,118339000.0,0.03706274052112302,0.015461422641887216,141.28213500976562,74477160.0,15.290481567382812,VWAP
2023-02-03,151.9215850830078,154.75352622762708,145.3629009773319,145.5595602225663,154357300.0,0.02440009367041518,0.015847557544107927,142.9173843383789,81890530.0,16.352493286132812,VWAP
2023-02-06,149.19778442382812,150.54493079230497,148.26364190831887,150.02377712562708,69858300.0,-0.01792899052291641,0.017689177661037718,143.96166076660157,80700330.0,10.442764282226562,VWAP
2023-02-07,152.06907653808594,152.63939885505883,148.12600388600742,148.12600388600742,83322600.0,0.01924487099688621,0.01807553349619985,145.15343627929687,82389080.0,11.917755126953125,VWAP
2023-02-08,149.38462829589844,152.00023955919008,148.64714493246836,151.3119247541495,64120100.0,-0.01765282135789903,0.019520183727348466,146.14264831542968,82221160.0,9.892120361328125,VWAP
2023-02-09,148.3520965576172,151.75435854951905,147.90960969557148,151.21353460518222,56007100.0,-0.0069119008432114715,0.01976757761066938,146.82210998535157,82411360.0,6.79461669921875,VWAP
2023-02-10,148.71652221679688,149.04151212756338,146.95371454850684,147.19007494553122,57450700.0,0.002456491466152899,0.01952900444145508,147.34430541992188,81100850.0,5.221954345703125,VWAP
2023-02-13,151.51339721679688,151.91715888947925,148.62788900472555,148.65743217523777,62199000.0,0.01880675367006468,0.018074135102764958,148.43429412841797,80919220.0,10.899887084960938,VWAP
2023-02-14,150.8732452392578,151.4345954776921,148.56878800441328,149.80964612462722,61707600.0,-0.004225051970969118,0.018443283595484763,149.3334213256836,80502530.0,8.99127197265625,VWAP
2023-02-15,152.97091674804688,153.13833305811258,150.5581292969133,150.78463194852628,65573800.0,0.013903535417843838,0.01859766371803371,150.3302230834961,79293550.0,9.968017578125,VWAP
2023-02-16,151.37551879882812,153.95572244720177,151.02098573800205,151.17854429955682,68167900.0,-0.010429420069740902,0.015914020094700075,150.6374771118164,74276440.0,3.072540283203125,VWAP
2023-02-17,150.233154296875,150.6763169294936,148.55897600306773,150.03619479649413,59144100.0,-0.007546560441330508,0.01405246956229905,150.46863403320313,64755120.0,-1.6884307861328125,VWAP
2023-02-21,146.2249298095703,149.0021077790729,146.15600076088242,147.91880821074704,58867200.0,-0.026680026163759085,0.015427128327248612,150.17134857177734,63656010.0,-2.9728546142578125,VWAP
2023-02-22,146.64845275878906,147.67265128501415,144.92503065136498,146.60905183832952,51011300.0,0.0028963799112113886,0.013707367759429727,149.62928619384766,60424880.0,-5.420623779296875,VWAP
2023-02-23,147.13099670410156,148.05672295415894,145.0038129046831,147.81051980369892,48394200.0,0.003290480985204791,0.012886582743370865,149.40392303466797,58852290.0,-2.253631591796875,VWAP
2023-02-24,144.48184204101562,144.9545478123535,143.50687229977612,144.87576101262292,55469600.0,-0.01800541505481479,0.013851007061325046,149.01689758300782,58798540.0,-3.8702545166015625,VWAP
2023-02-27,145.67344665527344,146.9044621404894,145.21058363066865,145.46664446890208,44998500.0,0.00824743509235959,0.014200382390871206,148.71259002685548,57553320.0,-3.0430755615234375,VWAP
2023-02-28,145.1712188720703,146.81585399639758,144.60002580056587,144.81668575965537,50547000.0,-0.003447627517124796,0.012182206701908234,148.0783721923828,56388120.0,-6.3421783447265625,VWAP
2023-03-01,143.10308837890625,144.9939263960711,142.8076416515582,144.60000744430354,55479000.0,-0.014246146786068947,0.012589877418801902,147.30135650634764,55765260.0,-7.7701568603515625,VWAP
2023-03-02,143.69398498535156,144.481837933212,141.71450238763347,142.1872231725768,52238100.0,0.004129167393513766,0.011249916774519562,146.37366333007813,54431690.0,-9.276931762695312,VWAP
2023-03-03,148.73622131347656,148.81500811176437,145.09241829817535,145.79162671403117,70732300.0,0.03509010017809033,0.017051983616015114,146.10973358154297,54688130.0,-2.6392974853515625,VWAP
2023-03-06,151.4936981201172,153.92618602775224,151.1293223291666,151.4542972077173,87558000.0,0.01853937650351467,0.01801399697926616,146.23578796386718,57529520.0,1.2605438232421875,VWAP
2023-03-07,149.29757690429688,151.69066400049135,148.83471383986452,151.36567408118486,56182000.0,-0.014496452612035693,0.016262099541063512,146.54305267333984,57261000.0,3.0726470947265625,VWAP
2023-03-08,150.54830932617188,151.13920294398363,149.52411075262026,150.4892229698005,47204800.0,0.008377446223904572,0.01638012882628949,146.93303833007812,56880350.0,3.8998565673828125,VWAP
2023-03-09,148.3029022216797,152.1929083670859,147.9483691410299,151.2277963802791,53833600.0,-0.01491486098078576,0.017299038357288053,147.05022888183595,57424290.0,1.171905517578125,VWAP
2023-03-10,146.24465942382812,148.64760438030467,145.3681768808884,147.92869544727571,68572400.0,-0.01387864139553352,0.016840347414727796,147.22651062011718,58734570.0,1.7628173828125,VWAP
2023-03-13,148.18475341796875,150.8142012619364,145.45681830298673,145.56514829028342,84457100.0,0.013266084394357947,0.017141165717664043,147.4776412963867,62680430.0,2.5113067626953125,VWAP
2023-03-14,150.2725372314453,151.07023295988367,147.82036369988242,148.98243524821328,73695900.0,0.014089059537641946,0.017434443179162595,147.9877731323242,64995320.0,5.101318359375,VWAP
2023-03-15,150.6664581298828,150.92250395033966,147.64307677577528,148.8937927615987,77167900.0,0.002621376504948536,0.016295231259521408,148.74411010742188,67164210.0,7.5633697509765625,VWAP
2023-03-16,153.4830322265625,154.08376844517147,149.33696504123728,149.84907174243986,76161100.0,0.01869410173730679,0.016823082815660046,149.72301483154297,69556510.0,9.789047241210938,VWAP
2023-03-17,152.6459197998047,154.35949876084172,151.93685367986137,153.70951897971963,98944600.0,-0.005454104044036012,0.0138549195136113,150.11398468017578,72377740.0,3.909698486328125,VWAP
2023-03-20,155.0094757080078,155.42311016638172,151.80883520237765,152.71487589238697,73641400.0,0.015483911468468614,0.013495441224161821,150.46556243896484,70986080.0,3.515777587890625,VWAP
2023-03-21,156.86093139648438,156.9791040860205,154.16253977805687,154.93070734117964,73938300.0,0.011944145220929236,0.012364617890714314,151.2218978881836,72761710.0,7.5633544921875,VWAP
2023-03-22,155.4329376220703,159.6774765177441,155.41323716716616,156.88061300312046,75701800.0,-0.009103565570477423,0.013054151188302469,151.71036071777343,75611410.0,4.8846282958984375,VWAP
2023-03-23,156.5162353515625,159.0964541870748,155.28521978995877,156.41776312286146,67622100.0,0.0069695506374987115,0.011394904300084179,152.5316940307617,76990260.0,8.213333129882812,VWAP
2023-03-24,157.81622314453125,157.90485267428312,155.452678855526,156.44733419696482,59196500.0,0.00830576962222973,0.009149095413602388,153.68885040283203,76052670.0,11.571563720703125,VWAP
2023-03-27,155.8760986328125,158.3282868109909,155.4723219600322,157.5108907515981,52390300.0,-0.01229356825972161,0.010831263920731644,154.4579849243164,72845990.0,7.69134521484375,VWAP
2023-03-28,155.2556610107422,156.08291480553032,153.61102618902072,155.57080817581272,45992200.0,-0.003980325575968169,0.010675896813895967,154.9562973022461,70075620.0,4.983123779296875,VWAP
2023-03-29,158.32830810546875,158.60405440029712,156.92987617396892,156.94956160428092,51305700.0,0.019790886043852263,0.011865633852263703,155.72248229980468,67489400.0,7.6618499755859375,VWAP
2023-03-30,159.89414978027344,160.00247975071784,158.82070781762587,159.07675364456475,49501700.0,0.009889840253719084,0.011037301844630861,156.36359405517578,64823460.0,6.4111175537109375,VWAP
2023-03-31,162.39556884765625,162.49405610459849,159.4509892058579,159.97293860815142,68749800.0,0.015644218821140532,0.01101282543630508,157.33855895996095,61803980.0,9.749649047851562,VWAP
2023-04-03,163.64627075195312,163.76444342844442,161.725889623748,161.7751332479675,56976200.0,0.007701576546526034,0.010554415660155395,158.20223846435547,60137460.0,8.636795043945312,VWAP
2023-04-04,163.11448669433594,164.30610131295074,162.60238002597387,164.06975594835677,46278300.0,-0.003249594721429605,0.010615005757557456,158.8275939941406,57371460.0,6.2535552978515625,VWAP
2023-04-05,161.2728729248047,162.54328933366952,159.34264903941414,162.2379998945446,51511700.0,-0.011290313980402589,0.010931986592574541,159.41158752441407,54952450.0,5.839935302734375,VWAP
2023-04-06,162.15924072265625,162.45468749786315,159.53963569062748,159.96309788102116,45390100.0,0.0054960749553016885,0.010893614905536931,159.97588806152345,52729250.0,5.64300537109375,VWAP
2023-04-10,159.5691375732422,159.5691375732422,157.6487565719111,158.96840146235982,47716900.0,-0.015972590509621076,0.012338316481676196,160.15117950439452,51581290.0,1.7529144287109375,VWAP
2023-04-11,158.35784912109375,159.89415417908276,158.07224508795338,159.88431146406083,47644200.0,-0.007590994540485396,0.011847870730028569,160.39935455322265,51106680.0,2.48175048828125,VWAP
2023-04-12,157.66844177246094,159.59866530043317,157.35329465040073,158.77142664558792,50133100.0,-0.0043534775981052265,0.011868122810379191,160.64063262939453,51520770.0,2.41278076171875,VWAP
2023-04-13,163.0455322265625,163.28189260314673,158.96840964951016,159.17522685740187,68445600.0,0.0341037838241689,0.014804597324117522,161.11235504150392,53234760.0,4.71722412109375,VWAP
2023-04-14,162.70089721679688,163.79403981032135,161.33200829581108,162.09030318280583,49386500.0,-0.002113734765125219,0.014673352440294038,161.39302978515624,53223240.0,2.8067474365234375,VWAP
2023-04-17,162.72055053710938,162.8781241294329,161.53877864877254,162.5826774005875,41516200.0,0.0001207941729191031,0.013848342091701717,161.42552795410157,50499880.0,0.324981689453125,VWAP
2023-04-18,163.9417266845703,164.8674527745674,163.13417327770642,163.5773508935462,49923000.0,0.007504744443342037,0.013836764618774571,161.45507354736327,49794560.0,0.2954559326171875,VWAP
2023-04-19,165.08412170410156,165.60607111909823,163.02585218946157,163.2819130529251,47720200.0,0.006968299301429504,0.013925341482664015,161.65203704833985,49938750.0,1.969635009765625,VWAP
2023-04-20,164.1189727783203,165.3204450523275,163.04553091898333,163.56748026442403,52456400.0,-0.005846406764129619,0.013478239484326823,161.9366470336914,50033220.0,2.846099853515625,VWAP
2023-04-21,162.5137481689453,163.9220227028112,161.991798793606,162.5432913390932,58337300.0,-0.00978085947164209,0.01387664035126017,161.97209777832032,51327940.0,0.3545074462890625,VWAP
2023-04-24,162.81903076171875,163.08493430890758,161.40089854610392,162.49404087672,41949600.0,0.001878503180272828,0.01264356407076477,162.29708709716797,50751210.0,3.2498931884765625,VWAP
2023-04-25,161.28273010253906,163.78414697340926,161.24332919160244,162.68116189989732,48714100.0,-0.009435633242578567,0.012812807221433199,162.5895751953125,50858200.0,2.9248809814453125,VWAP
2023-04-26,161.2728729248047,162.76979197769046,160.32746143764658,160.58350725145092,45498800.0,-6.111737895375668e-05,0.01265073701312882,162.95001831054688,50394770.0,3.60443115234375,VWAP
2023-04-27,165.8522491455078,165.99996498511996,162.68115222078845,162.68115222078845,64902300.0,0.028395204584954037,0.011090420781717611,163.2306900024414,50040440.0,2.8067169189453125,VWAP
2023-04-28,167.10296630859375,167.27039764589344,165.33031595199537,165.93105213681218,55275900.0,0.007541152860632172,0.011135596517672776,163.6708969116211,50629380.0,4.402069091796875,VWAP
2023-05-01,167.01431274414062,167.86125191507637,166.07874407354768,166.70902333840385,52472900.0,-0.0005305325597236843,0.011154432540314708,164.10027313232422,51725050.0,4.29376220703125,VWAP
2023-05-02,165.9802703857422,167.76279339985444,164.99545801480568,167.50673256610264,48425700.0,-0.006191339780456717,0.011333333573528982,164.30412750244142,51575320.0,2.038543701171875,VWAP
2023-05-03,164.9068145751953,168.3241144157863,164.62122562365215,166.92568277045305,65136000.0,-0.006467369935306944,0.011382160432556902,164.2863967895508,53316900.0,-0.17730712890625,VWAP
2023-05-04,163.2720489501953,164.50306450874902,161.81453073644045,162.3857237588548,81235400.0,-0.009913269073877906,0.01168101639492404,164.2017044067383,56194800.0,-0.846923828125,VWAP
2023-05-05,170.9339141845703,171.65282310766082,168.1665784150509,168.3832383689214,113453200.0,0.04692698648445437,0.018453218288432386,165.0437210083008,61706390.0,8.420166015625,VWAP
2023-05-08,170.86495971679688,171.20965008439242,169.49607101524845,169.86044681233005,55962800.0,-0.00040339840167102903,0.018513062910332268,165.8483139038086,63107710.0,8.045928955078125,VWAP
2023-05-09,169.16123962402344,170.9043468501181,168.993823309898,170.421798364417,45326900.0,-0.009971149705576221,0.018560129615962324,166.63616485595702,62768990.0,7.878509521484375,VWAP
2023-05-10,170.924072265625,171.386935389285,169.289279744913,170.39228007410486,53724500.0,0.010421019883275928,0.018542759796312706,167.60128479003907,63591560.0,9.651199340820312,VWAP
2023-05-11,171.11114501953125,171.9383837832071,169.55513971049686,171.2096322648924,49514700.0,0.0010944786853399613,0.016804229986946983,168.1271743774414,62052800.0,5.2588958740234375,VWAP
2023-05-12,170.18417358398438,171.65356424240227,168.63587209674515,171.21964497087455,45533100.0,-0.005417364458878859,0.016935738855304448,168.43529510498047,61078520.0,3.081207275390625,VWAP
2023-05-15,169.69105529785156,170.81529363826058,169.09934457223466,170.76598190315437,37266700.0,-0.0028975566631609384,0.016990786689856745,168.70296936035157,59557900.0,2.6767425537109375,VWAP
2023-05-16,169.69105529785156,170.74625419954612,169.42478396654107,169.6121595312474,42110300.0,0.0,0.0167820698178653,169.0740478515625,58926360.0,3.710784912109375,VWAP
2023-05-17,170.30247497558594,170.53914722242257,168.06385467134209,169.3360281894031,57951600.0,0.003603134394215335,0.016494715247289203,169.61361389160157,58207920.0,5.395660400390625,VWAP
2023-05-18,172.6298370361328,172.81721258554498,170.1939849894296,170.60817644442238,65496700.0,0.013666049544379888,0.016068804109442256,170.5493927001953,56634050.0,9.3577880859375,VWAP
2023-05-19,172.7383575439453,173.95134816577144,172.5213979143073,173.95134816577144,55809500.0,0.0006286312359189417,0.006958323143670109,170.7298370361328,50869680.0,1.804443359375,VWAP
2023-05-22,171.7915802001953,172.29453878279668,171.0519493884426,171.57462062492166,43570900.0,-0.005480990772470107,0.00725683544523118,170.82249908447267,49630490.0,0.9266204833984375,VWAP
2023-05-23,169.18812561035156,170.9829707500323,168.9119979039132,170.73642708015296,50747300.0,-0.015154727529776757,0.008214915267954072,170.82518768310547,50172530.0,0.026885986328125,VWAP
2023-05-24,169.46421813964844,170.03620114077688,168.1624756577717,168.7245872835419,45143500.0,0.0016318670610060426,0.007412580992698816,170.6792022705078,49314430.0,-1.4598541259765625,VWAP
2023-05-25,170.598388671875,171.49579632773333,169.31635838771984,170.0264054667032,56058300.0,0.006692684418441397,0.007776746185390957,170.6279266357422,49968790.0,-0.51275634765625,VWAP
2023-05-26,173.00460815429688,173.33991896491864,170.71669083708804,170.92379413047703,54835000.0,0.014104585050037866,0.008733289454293467,170.90997009277345,50898980.0,2.8204345703125,VWAP
2023-05-30,174.84877014160156,176.51540772383512,174.1288668535482,174.51347436884586,55964400.0,0.010659611943168334,0.008992280460483072,171.42574157714844,52768750.0,5.15771484375,VWAP
2023-05-31,174.79946899414062,176.8704419237823,174.31623796446905,174.87836477742368,99625300.0,-0.0002819645080774924,0.009003290119239669,171.93658294677735,58520250.0,5.1084136962890625,VWAP
2023-06-01,177.60015869140625,177.62974272201325,174.4838437196236,175.24320228346932,68901800.0,0.016022300945087498,0.009905974567843806,172.66635131835938,59615270.0,7.2976837158203125,VWAP
2023-06-02,178.4482879638672,179.2668146743205,176.78165050926717,178.52718373632618,61996900.0,0.004775498393189137,0.009350244831901862,173.24819641113282,59265290.0,5.818450927734375,VWAP
2023-06-05,177.0972442626953,182.3929972823034,175.57852688511534,180.10507993454968,121946500.0,-0.007571065638048768,0.009956259435393152,173.6840850830078,65878990.0,4.35888671875,VWAP
2023-06-06,176.7323455810547,177.62975297431,174.97694105936182,177.4818328127375,64848400.0,-0.002060442460072087,0.009705686682224976,174.17816162109375,68006740.0,4.940765380859375,VWAP
2023-06-07,175.36158752441406,178.70471906299082,174.86850018805862,175.9730110061888,61944600.0,-0.0077561243932676716,0.008367781124495701,174.7955078125,69126470.0,6.1734619140625,VWAP
2023-06-08,178.0735321044922,178.33978837820231,175.00652888652115,175.44043301517675,50214900.0,0.015464872429377108,0.009112531535851358,175.65643920898438,69633610.0,8.60931396484375,VWAP
2023-06-09,178.45814514160156,179.7105759291869,178.13270574903748,178.99067275354267,48900000.0,0.0021598551596297977,0.009131970430906683,176.44241485595703,68917780.0,7.8597564697265625,VWAP
2023-06-12,181.2490234375,181.34764691680863,178.468018885392,178.7638742754878,54274900.0,0.015638839536766147,0.009321227704416514,177.26685638427733,68861770.0,8.244415283203125,VWAP
2023-06-13,180.77566528320312,181.60404834381112,179.91769818813273,180.2727216495119,54929100.0,-0.002611645267485252,0.009324010270044836,177.8595458984375,68758240.0,5.9268951416015625,VWAP
2023-06-14,181.40679931640625,181.84071851135664,179.50348972235338,180.83481629104696,57462900.0,0.0034912554862647216,0.009235367896243771,178.52027893066406,64542000.0,6.607330322265625,VWAP
2023-06-15,183.43832397460935,183.94128262941163,181.23915892536104,181.41667817053525,65433200.0,0.011198723894906282,0.008629581367431565,179.10409545898438,64195140.0,5.838165283203097,VWAP
2023-06-16,182.36338806152344,184.40477651433864,181.7223806509896,184.1483615118621,101256200.0,-0.005859930955511183,0.009068065250935654,179.49560546875,68121070.0,3.91510009765625,VWAP
2023-06-20,182.45216369628903,183.52710548415504,181.8604679443372,181.8604679443372,49799100.0,0.00048680623731134354,0.008438566317393531,180.03109741210938,60906330.0,5.354919433593722,VWAP
2023-06-21,181.4167022705078,182.84665255889604,180.06563271508736,182.34369383727915,49515700.0,-0.005675248814833722,0.008751760691056772,180.4995330810547,59373060.0,4.684356689453125,VWAP
2023-06-22,184.41461181640625,184.46392354570867,181.13064927618237,181.19968870677116,51245300.0,0.01652499195707069,0.00890960102424317,181.40483551025392,58303130.0,9.053024291992188,VWAP
2023-06-23,184.0990753173828,184.96691381940127,182.45216546765664,182.98470820219737,53117000.0,-0.0017110168002173465,0.008321750275046823,182.00738983154298,58593340.0,6.025543212890625,VWAP
2023-06-26,182.7085876464844,185.45015206010265,182.66913223239737,184.2470177435845,48088700.0,-0.0075529313143003485,0.009015816108659553,182.43243408203125,58512210.0,4.250442504882841,VWAP
2023-06-27,185.45999145507807,185.78543087633776,183.10303478095216,183.3199943951253,50730800.0,0.015058973658738095,0.00892253976110482,182.85353088378906,58157800.0,4.210968017578068,VWAP
2023-06-28,186.633544921875,187.274552399172,185.00636283468697,185.33178721386028,51216800.0,0.0063277985596219555,0.008819090760800306,183.43931884765624,57786570.0,5.857879638671875,VWAP
2023-06-29,186.9688262939453,187.4422009047134,186.32781886596203,186.4658826988121,46347300.0,0.0017964689692340219,0.00882976781975577,183.99552154541016,56675010.0,5.5620269775390625,VWAP
2023-06-30,191.28826904296875,191.79121262094537,188.61572952588827,188.9806243235532,85213200.0,0.023102475608594686,0.010661394743793658,184.7805160522461,58653010.0,7.849945068359403,VWAP
2023-07-03,189.79917907714844,191.19954526937025,189.10884478636748,191.10092178559267,31458200.0,-0.007784533642707703,0.010879319354897804,185.5240951538086,51673210.0,7.435791015625,VWAP
2023-07-05,188.68478393554688,190.311965971159,187.98459336367247,188.92147125163748,46920300.0,-0.005871443422569178,0.01128925787594614,186.14735717773436,51385330.0,6.232620239257841,VWAP
2023-07-06,189.1581573486328,189.36526064633148,186.5842409083175,187.21539208287064,45094300.0,0.0025088054437270024,0.010844402105079849,186.92150268554687,50943190.0,7.741455078125,VWAP
2023-07-07,188.0437774658203,190.0062704618662,187.60987325439865,188.76369580404943,46815000.0,-0.005891259982822805,0.010327311347221693,187.28441925048827,50500160.0,3.6291656494140625,VWAP
2023-07-10,186.00238037109372,187.36330604998784,184.4540791221688,186.6433878022031,59922200.0,-0.010855967276543588,0.01107043609320751,187.47474975585936,51180680.0,1.903305053710909,VWAP
2023-07-11,185.479736328125,186.68287064614395,184.0202020095467,186.54480679233015,46638100.0,-0.0028098782495471486,0.010756437752901556,187.75186462402343,51035620.0,2.7711486816405966,VWAP
2023-07-12,187.1463623046875,189.04967210294507,185.86433228601203,187.05759515232103,60750200.0,0.008985488170061506,0.010058235404828657,187.92050170898438,52037560.0,1.6863708496094318,VWAP
2023-07-13,187.90570068359372,188.54672319895087,187.1562134087189,187.8662603208446,41342300.0,0.004057457326741787,0.009948403755980384,188.04771728515624,51050110.0,1.2721557617187216,VWAP
2023-07-14,188.0536346435547,188.53685056119244,187.00829198764853,187.59998771190843,41616200.0,0.0007872776580102325,0.009941429147710934,188.15619812011718,50577000.0,1.084808349609375,VWAP
2023-07-17,191.30804443359372,191.6334839055814,189.15817566199323,189.24692777767197,50520200.0,0.017305753202843333,0.008557735443861538,188.15817565917968,47107700.0,0.01977539062497158,VWAP
2023-07-18,191.0515899658203,191.64330071064,189.75970372238763,190.6768538720752,48288200.0,-0.001340531541852763,0.008134990908083383,188.28341674804688,48790700.0,1.252410888671875,VWAP
2023-07-19,192.4026641845703,195.4893803490621,189.9865244553515,190.4303150490968,80507300.0,0.007071776890167358,0.008004078374082966,188.65520477294922,52149400.0,3.7178802490234375,VWAP
2023-07-20,190.4599151611328,193.7537348839622,189.8386203157028,192.3928090502892,59581200.0,-0.010097308328193555,0.008858928152192242,188.7853805541992,53598090.0,1.3017578125,VWAP
2023-07-21,189.28636169433597,192.2744696321092,188.5861710830146,191.41650251566855,71951700.0,-0.006161682188107642,0.008881739338656212,188.90963897705078,56111760.0,1.2425842285156534,VWAP
2023-07-24,190.08514404296875,192.21528467718613,189.59205676918677,190.73602285584008,45377800.0,0.004219967785754619,0.007932092149639455,189.3179153442383,54657320.0,4.082763671875028,VWAP
2023-07-25,190.94309997558597,191.75177028050072,190.2527808420176,190.6571159944749,37283200.0,0.004513534905301597,0.007754040269028708,189.86425170898437,53721830.0,5.463363647460966,VWAP
2023-07-26,191.8109588623047,192.9351972994816,190.6472800623453,190.99243214213985,47471900.0,0.004545117822166267,0.007491708801808413,190.3307113647461,52394000.0,4.6645965576171875,VWAP
2023-07-27,190.5486602783203,194.47363103189025,189.8879250921341,193.3099522093675,47460200.0,-0.006580951325573348,0.007983607300226965,190.59500732421876,53005790.0,2.642959594726591,VWAP
2023-07-28,193.12255859375,193.91150122150717,191.45592124266815,191.9785925358936,48291400.0,0.01350782688091412,0.008838147678448083,191.10189971923828,53673310.0,5.0689239501953125,VWAP
2023-07-31,193.7340240478516,193.7734794641123,192.5604737033273,193.34941650238693,38824100.0,0.003166204189474664,0.007225461735808096,191.34449768066406,52503700.0,2.4259796142578693,VWAP
2023-08-01,192.90562438964844,194.0101351852124,192.5801849485631,193.52691923606864,35175100.0,-0.004275963720231979,0.00740143643858026,191.52990112304687,51192390.0,1.854034423828125,VWAP
2023-08-02,189.9175262451172,192.48157144604932,189.19762292480596,192.343507589444,50389300.0,-0.015489948279038379,0.00867158419067819,191.28138732910156,48180590.0,-2.485137939453125,VWAP
2023-08-03,188.52700805664065,189.710414639766,188.0536484329567,188.92148694956984,61235200.0,-0.007321694927101441,0.00839756981440617,191.08809661865237,48345990.0,-1.932907104492159,VWAP
2023-08-04,179.47393798828125,184.7894189873242,179.40489853673822,182.95513345446872,115956800.0,-0.04802001666328637,0.017142294614684105,190.1068542480469,52746500.0,-9.812423706054716,VWAP
2023-08-07,176.37733459472656,180.5981607115797,174.89807268327343,179.6119861039443,97576100.0,-0.0172537775025412,0.01717978175471833,188.73607330322267,57966330.0,-13.707809448242188,VWAP
2023-08-08,177.31419372558594,177.77769698523286,175.12488493894773,177.205713919119,67823000.0,0.005311675295536444,0.017242610730556798,187.3731826782227,61020310.0,-13.628906250000028,VWAP
2023-08-09,175.72647094726562,178.42857997538025,174.5627769846933,178.36941190145535,60378500.0,-0.008954290375521201,0.01673839194996024,185.76473388671877,62310970.0,-16.084487915039062,VWAP
2023-08-10,175.50950622558594,178.25107058876787,175.14462641506705,176.9986245515979,54686900.0,-0.0012346729579790772,0.016894383910873865,184.26081848144534,63033640.0,-15.039154052734375,VWAP
2023-08-11,175.56875610351562,176.38838822312198,174.34425781198718,175.10464195853916,52036700.0,0.00033758785608761777,0.015480732712168878,182.5054382324219,63408170.0,-17.553802490234375,VWAP
2023-08-14,177.2178955078125,177.44501774834183,175.09474782272636,175.74650562753334,43675600.0,0.009393125752537257,0.016151856602406527,180.85382537841798,63893320.0,-16.51612854003909,VWAP
2023-08-15,175.2329864501953,177.2376229940336,174.8379899652799,176.6451282666605,43622600.0,-0.011200387251690813,0.01608699900572161,179.08656158447266,64738070.0,-17.672637939453125,VWAP
2023-08-16,174.36399841308594,176.30937200366554,174.29486573787133,174.91699954220002,46964900.0,-0.004959043697839172,0.015991592136115788,177.53120880126954,64395630.0,-15.55352783203125,VWAP
2023-08-17,171.82608032226562,175.2922216904398,171.3125728746346,174.92684921501044,66062900.0,-0.01455528729507416,0.016101118026047436,175.86111602783203,64878400.0,-16.70092773437503,VWAP
2023-08-18,172.30995178222656,172.91233113031433,169.81156245363653,170.14731092485977,61172200.0,0.0028160536459507224,0.00884044685264138,175.14471740722655,59399940.0,-7.1639862060546875,VWAP
2023-08-21,173.6431121826172,173.92949746098708,171.56935789788312,172.88274314562352,46311900.0,0.0077369901540889074,0.008195639141918702,174.8712951660156,54273520.0,-2.734222412109375,VWAP
2023-08-22,175.0157470703125,175.46012191641384,174.04799506153495,174.8478727981476,42038900.0,0.007904919869506477,0.008472553643139315,174.64145050048828,51695110.0,-2.2984466552734375,VWAP
2023-08-23,178.8571319580078,179.28176749229362,176.1019960768648,176.28962468028294,52722800.0,0.02194879576265807,0.010701579882137055,174.9545166015625,50929540.0,3.1306610107421875,VWAP
2023-08-24,174.17636108398438,178.83739189345877,173.81097351698816,178.41275636104422,54945800.0,-0.026170445778602724,0.013914858650767577,174.82120208740236,50955430.0,-1.3331451416015625,VWAP
2023-08-25,176.37850952148438,176.91175631972774,173.62337343895007,175.16388093182096,51449600.0,0.01264321073074992,0.014544225681717518,174.9021774291992,50896720.0,0.80975341796875,VWAP
2023-08-28,177.9387664794922,178.33376298082638,176.31925671498092,177.8400098200833,43820700.0,0.008846071793217947,0.014508276763513647,174.9742645263672,50911230.0,0.7208709716796875,VWAP
2023-08-29,181.8196563720703,182.5899100858624,177.2573820568172,177.45488030453177,53003900.0,0.02181025511956336,0.015284693486384357,175.6329315185547,51849360.0,6.586669921875,VWAP
2023-08-30,185.30555725097656,185.50307057198083,182.4319252754348,182.62942352828824,60813900.0,0.019172299345747268,0.015648384371527733,176.72708740234376,53234260.0,10.941558837890625,VWAP
2023-08-31,185.5228271484375,186.75721017905872,185.13770024560975,185.4932031611548,60794500.0,0.001172495313600752,0.014036160042876408,178.09676208496094,52707420.0,13.696746826171875,VWAP
2023-09-01,187.09295654296875,187.5472010181368,185.9276912341992,187.12258052751665,45766500.0,0.008463267936699603,0.013927071968278405,179.57506256103517,51166850.0,14.783004760742188,VWAP
2023-09-05,187.32994079589844,187.6064413525269,185.26605625958229,185.92768366781115,45280000.0,0.0012666658184712354,0.014107985870140694,180.9437454223633,51063660.0,13.68682861328125,VWAP
2023-09-06,180.6248016357422,186.49059214043663,179.20278998997966,186.0462022000218,81755800.0,-0.03579320599616109,0.019699082283657278,181.50465087890626,55035350.0,5.6090545654296875,VWAP
2023-09-07,175.3416290283203,175.98351721110967,171.3718491931888,172.99135904079122,112488800.0,-0.029249430640628238,0.02093834024434865,181.1531005859375,61011950.0,-3.5155029296875,VWAP
2023-09-08,175.95384216308594,177.98811753082185,175.56871535945672,176.12173147198052,65551300.0,0.0034915446956793605,0.01912203230158948,181.33084869384766,62072500.0,1.7774810791015625,VWAP
2023-09-11,177.11912536621094,178.0473836718388,175.1243584797436,177.82026144859472,58953100.0,0.006622664153278057,0.018813380796585583,181.4049102783203,62822850.0,0.7406158447265625,VWAP
2023-09-12,174.0973663330078,177.87951732730735,172.6358612060169,177.24751388848827,90370200.0,-0.01706060272686727,0.01932543123090957,181.02077026367186,67477800.0,-3.841400146484375,VWAP
2023-09-13,172.03347778320312,175.08486860955094,171.8063404869434,174.30473020059844,84267900.0,-0.0118547947810822,0.01756703115948197,180.04215240478516,70604200.0,-9.786178588867188,VWAP
2023-09-14,173.54437255859375,173.89987544974738,171.41135521167203,171.82610607332606,60895800.0,0.008782562527130056,0.016208494274894805,178.86603393554688,70612390.0,-11.761184692382812,VWAP
2023-09-15,172.823486328125,174.29487626046748,171.64836639188815,174.27512191376346,109259500.0,-0.004153901505652979,0.016017815083820126,177.59609985351562,75458890.0,-12.6993408203125,VWAP
2023-09-18,175.7465057373047,177.13889330258442,173.96899129951683,174.27511585610648,67257600.0,0.016913322785480744,0.017107040925794362,176.46145477294922,77608000.0,-11.346450805664062,VWAP
2023-09-19,176.83277893066406,177.38578010579235,174.91701409671836,175.3021409914078,51826900.0,0.006180909195333095,0.01741018285078056,175.41173858642577,78262690.0,-10.497161865234375,VWAP
2023-09-20,173.29750061035156,177.45489404541186,173.20861358406935,177.0203888259045,58436200.0,-0.019992211521477454,0.014903211039877743,174.67900848388672,75930730.0,-7.327301025390625,VWAP
2023-09-21,171.75697326660156,174.09737357666756,171.68785565712008,172.36923745366522,63149100.0,-0.008889495453334728,0.01222554156206671,174.32054290771484,70996760.0,-3.58465576171875,VWAP
2023-09-22,172.60623168945312,174.8676297137013,171.87548661966315,172.48773574692532,56725400.0,0.004944535332101818,0.012306373980210505,173.98578186035155,70114170.0,-3.3476104736328125,VWAP
2023-09-25,173.880126953125,174.7590070374673,171.97423178505466,172.02361011818323,46172700.0,0.007380354991839644,0.012366525755408156,173.66188201904296,68836130.0,-3.2389984130859375,VWAP
2023-09-26,169.8115997314453,173.01111068359924,169.51534481079926,172.63586851438868,64588900.0,-0.023398460151668132,0.01335950360167557,173.23330535888672,66258000.0,-4.2857666015625,VWAP
2023-09-27,168.3007354736328,170.8781281931434,166.9379866697239,170.4633772468968,66921800.0,-0.008897297123411585,0.013158375620606148,172.8600311279297,64523390.0,-3.7327423095703125,VWAP
2023-09-28,168.55743408203125,169.88068876106084,165.52578284422083,167.22429469748067,56294400.0,0.0015252375913630267,0.012682195381938991,172.36133728027343,64063250.0,-4.9869384765625,VWAP
2023-09-29,169.0709686279297,170.90773103963988,168.21182785802986,169.87084635964763,51861100.0,0.0030466443007699517,0.012803061536368645,171.9860855102539,58323410.0,-3.7525177001953125,VWAP
2023-10-02,171.57923889160156,172.12237043121976,168.79446358018748,169.08084887750982,52164500.0,0.014835605923520623,0.012472479010530866,171.5693588256836,56814100.0,-4.167266845703125,VWAP
2023-10-03,170.24607849121094,171.46072207785286,168.6858318118607,170.1078282132375,49594600.0,-0.007769940052204549,0.012192253002408277,170.9106887817383,56590870.0,-6.586700439453125,VWAP
2023-10-04,171.49032592773438,172.03345733749015,168.83393190668662,168.95242782585208,53020300.0,0.007308523330172845,0.011156720900319893,170.72997131347657,56049280.0,-1.8071746826171875,VWAP
2023-10-05,172.7247314453125,173.2579782200924,170.52258153582127,171.61871413723316,48527900.0,0.007198105845914071,0.011050689929095895,170.82674713134764,54587160.0,0.9677581787109375,VWAP
2023-10-06,175.2725067138672,175.76625988669193,171.0163417068709,171.6286058875163,57266700.0,0.014750494889965271,0.011881197429027464,171.09337463378907,54641290.0,2.6662750244140625,VWAP
2023-10-09,176.7537384033203,176.81298636382684,173.60359124576962,174.60096707330928,42390800.0,0.008451021310896367,0.011943754605750485,171.3807357788086,54263100.0,2.8736114501953125,VWAP
2023-10-10,176.16127014160156,177.47465549196244,175.72676490471198,175.87489990900735,43698000.0,-0.003351941899903954,0.008426692934213224,172.0157028198242,52174010.0,6.34967041015625,VWAP
2023-10-11,177.55361938476562,177.60299770884345,175.38110873868183,175.9736034231689,47551100.0,0.007903832902912633,0.0072227325998397394,172.9409912109375,50236940.0,9.252883911132812,VWAP
2023-10-12,178.4522705078125,180.06189553412176,176.80312172309905,177.82026707710477,56743100.0,0.005061294307380226,0.007097994972349855,173.93047485351562,50281810.0,9.89483642578125,VWAP
2023-10-13,176.61550903320312,179.6570151987734,175.91437292525092,179.1533924067404,51427100.0,-0.010292732445390529,0.008727504357632317,174.68492889404297,50238410.0,7.5445404052734375,VWAP
2023-10-16,176.4871368408203,176.84263973108403,174.3047411678942,174.54174811745375,52517000.0,-0.0007268455249798134,0.008020675168912673,175.17571868896485,50273660.0,4.90789794921875,VWAP
2023-10-17,174.93675231933594,176.19088966345473,172.61612132571108,174.44299912050275,57549400.0,-0.008784688500458326,0.008174944146641052,175.64478607177733,51069140.0,4.690673828125,VWAP
2023-10-18,173.6431121826172,175.36137864838344,172.9222367694585,173.3863659573123,54764400.0,-0.007394901983531099,0.008576695921708481,175.8600646972656,51243550.0,2.1527862548828125,VWAP
2023-10-19,173.26785278320312,175.61810740546204,173.00122187734726,173.84059314667203,59302900.0,-0.0021610957941101683,0.008367401323498067,175.91437683105468,52321050.0,0.543121337890625,VWAP
2023-10-20,170.7200927734375,173.22835212793277,170.4830858385587,173.11972583296543,64244000.0,-0.014704170270716355,0.00790462801594098,175.45913543701172,53018780.0,-4.5524139404296875,VWAP
2023-10-23,170.83859252929688,171.8359684831129,167.80694090892598,168.77470794688867,55980100.0,0.0006941172180396915,0.007032125671981577,174.86762084960938,54377710.0,-5.9151458740234375,VWAP
2023-10-24,171.27308654785156,171.5002087664513,169.3079436842464,170.8879597127696,43816600.0,0.0025433013239100077,0.007277178190760643,174.37880249023436,54389570.0,-4.88818359375,VWAP
2023-10-25,168.96234130859375,170.89784530264086,168.51795139973865,169.73259505065448,57157000.0,-0.013491584030116854,0.006921531902928986,173.5196746826172,55350160.0,-8.591278076171875,VWAP
2023-10-26,164.80491638183594,169.23882483986895,163.60015755926395,168.24143389027685,70625300.0,-0.02460563042959185,0.008371337243480595,172.15493927001953,56738380.0,-13.647354125976562,VWAP
2023-10-27,166.11831665039062,166.8490767618186,164.7456834493569,164.82468576422622,58499100.0,0.007969424076595288,0.009679300123671665,171.10522003173827,57445580.0,-10.4971923828125,VWAP
2023-10-30,168.16246032714844,169.03147079181505,166.76020302980592,166.90833803254793,51131000.0,0.01230534788683113,0.01123101415054525,170.2727523803711,57306980.0,-8.324676513671875,VWAP
2023-10-31,168.6364288330078,168.76479438569402,165.8022759466135,167.23417191335412,44846000.0,0.0028185155291930997,0.011367902167886587,169.6427200317383,56036640.0,-6.300323486328125,VWAP
2023-11-01,171.79644775390625,172.05319393081336,167.9945430130093,168.86355325507674,56934900.0,0.01873864942922654,0.013247724977851209,169.4580535888672,56253690.0,-1.8466644287109375,VWAP
2023-11-02,175.3514862060547,175.55885407348563,173.2678474852133,173.32709544733643,77334800.0,0.020693317578026615,0.014892395166028782,169.66641693115236,58056880.0,2.0836334228515625,VWAP
2023-11-03,174.4429931640625,174.61088250590672,171.18423421755685,172.06311427874405,79829200.0,-0.005180982845646498,0.01403537276741171,170.03870697021483,59615400.0,3.722900390625,VWAP
2023-11-06,176.9907684326172,177.1882666996337,174.0085099439187,174.1763842242903,63841300.0,0.014605202664451644,0.014544364399892928,170.65392456054687,60401520.0,6.1521759033203125,VWAP
2023-11-07,179.54840087890625,180.1606499568927,176.73400192517136,176.9413698079054,70530000.0,0.01445065451118599,0.01492703137140406,171.48145599365233,63072860.0,8.275314331054688,VWAP
2023-11-08,180.6050262451172,181.15802736111343,179.32126504404005,180.07177947416378,49340300.0,0.005884905468601653,0.013471049805082198,172.64572448730468,62291190.0,11.642684936523438,VWAP
2023-11-09,180.13101196289062,181.81963914926845,179.5385022077218,180.67414339377052,53763500.0,-0.0026245907552053804,0.008748490222895587,174.17833404541017,60605010.0,15.326095581054688,VWAP
2023-11-10,184.3136749267578,184.48178544542023,181.475802800193,181.9108804268445,66133400.0,0.023220115838403554,0.009819208344389397,175.99786987304688,61368440.0,18.195358276367188,VWAP
2023-11-13,182.7315826416016,183.9478113332898,182.14818998578377,183.7401702602705,43627500.0,-0.008583694540217457,0.011473027886105233,177.45478210449218,60618090.0,14.569122314453153,VWAP
2023-11-14,185.342041015625,186.0045400899508,184.214801307548,185.5991254795717,60108400.0,0.014285753651810618,0.011425906349439142,179.1253433227539,62144330.0,16.705612182617188,VWAP
2023-11-15,185.90562438964844,187.3789524554104,185.6782029727857,185.74742671461323,53790500.0,0.0030407746182956608,0.01109667085416335,180.53626098632813,61829890.0,14.109176635742188,VWAP
2023-11-16,187.5866241455078,188.8226331691939,186.53847581950137,187.44819173837504,54412900.0,0.009042221080606483,0.010187847293517098,181.75977478027343,59537700.0,12.235137939453125,VWAP
2023-11-17,187.56686401367188,188.24914348244,186.4594046371221,188.12059370194677,50922700.0,-0.00010533870379059174,0.009635300522529694,183.07216186523436,56647050.0,13.123870849609375,VWAP
2023-11-20,189.30715942382807,189.7620174322178,187.75473976876387,187.76462241033667,46505100.0,0.009278266815983871,0.00933030428360423,184.30380096435547,54913430.0,12.31639099121088,VWAP
2023-11-21,188.50624084472656,189.3763961789433,187.61632022600733,189.26762676216623,38134500.0,-0.004230788637572758,0.009494576697036834,185.1995849609375,51673880.0,8.957839965820312,VWAP
2023-11-22,189.16873168945312,190.77059476808083,188.69410838615653,189.34672485819107,39617700.0,0.003514423935026434,0.009497421744003543,186.0559555053711,50701620.0,8.563705444335938,VWAP
2023-11-24,187.84371948242188,188.76330300712377,187.13177703645837,188.73363999587545,24048300.0,-0.007004393354005489,0.009961545222550073,186.8272262573242,47730100.0,7.71270751953125,VWAP
2023-11-27,187.6656951904297,188.5358502773473,186.7856574640696,187.79424494317863,40552600.0,-0.0009477255480391245,0.007465683362285734,187.1624282836914,45172020.0,3.352020263671875,VWAP
2023-11-28,188.26890563964844,188.9413024556769,187.2800983304318,187.6558499360948,38415400.0,0.0032142819102163322,0.006508153924545971,187.7161605834961,44650810.0,5.537322998046847,VWAP
2023-11-29,187.2504119873047,189.9399687403027,186.8548951480992,188.76328577486603,43014200.0,-0.00540978155093319,0.005638301197255498,187.90699768066406,42941390.0,1.9083709716796875,VWAP
2023-11-30,187.82394409179688,188.18981305356235,186.08364867108205,187.71517468500207,48794400.0,0.0030629150473167055,0.005639178785782808,188.0988296508789,42441780.0,1.9183197021484375,VWAP
2023-12-01,189.0995178222656,189.4159283197641,187.11200544734405,188.19969953750024,45704800.0,0.006791326508644113,0.005320243698656868,188.25011901855467,41570970.0,1.512893676757784,VWAP
2023-12-04,187.30975341796875,187.92282418358675,185.3519192531924,187.8536004326293,43389500.0,-0.009464669317555074,0.006243525458254981,188.22440795898436,40817650.0,-0.257110595703125,VWAP
2023-12-05,191.25511169433597,192.22413865175915,188.0513705178724,188.08104861869373,66628400.0,0.021063282634105063,0.008802403632627949,188.41920318603516,42829980.0,1.9479522705078978,VWAP
2023-12-06,190.16741943359372,192.5800964734148,189.95976327032972,192.27356863697855,41089700.0,-0.00568712779023961,0.008911021532074816,188.58532104492187,43125500.0,1.661178588867159,VWAP
2023-12-07,192.0956115722656,192.817436726138,191.4232147163821,191.4627754603769,47477700.0,0.010139445255212154,0.00936081775852443,188.8780090332031,43911500.0,2.9268798828124716,VWAP
2023-12-08,193.5194549560547,193.79631975243228,191.50227991044676,192.02634649559,53406400.0,0.00741215987255095,0.00899558624116155,189.4455825805664,46847310.0,5.6757354736328125,VWAP
2023-12-11,191.01779174804688,191.3243346926335,189.2774962882125,190.9485830810774,60943700.0,-0.012927192299998502,0.010287222081821663,189.78079223632812,48886420.0,3.3520965576171875,VWAP
2023-12-12,192.5306701660156,192.54055280703432,189.57413099725628,190.9189094878757,52696900.0,0.007920091652845684,0.010464225402216953,190.20696868896485,50314570.0,4.261764526367159,VWAP
2023-12-13,195.74429321289065,195.7838388648497,192.66910200901864,192.9064060967763,70404200.0,0.016691486318018978,0.010978603930389021,191.05635681152344,53053570.0,8.493881225585966,VWAP
2023-12-14,195.89260864257807,197.38570218691584,193.96443748585023,195.80361960949875,66831600.0,0.0007576998912868227,0.011036186366328842,191.86322326660155,54857290.0,8.068664550781193,VWAP
2023-12-15,195.35867309570312,196.1793699091571,194.7950456705572,195.3191123528845,128538400.0,-0.002725654380605791,0.011203644393361138,192.4891387939453,63140650.0,6.259155273437528,VWAP
2023-12-18,193.69744873046875,194.42917151631292,192.214237877434,193.89520715993984,55751900.0,-0.008503458479268922,0.011085289422508152,193.1279083251953,64376890.0,6.3876953125,VWAP
2023-12-19,194.73570251464844,194.74558515548247,193.69745188302565,193.96443406555755,40714100.0,0.005360183063765733,0.009271142759988407,193.47596740722656,61785460.0,3.4805908203124716,VWAP
2023-12-20,192.6493225097656,195.46741418063525,192.6493225097656,194.69614571593397,52242800.0,-0.01071390596557864,0.00984344496876019,193.72415771484376,62900770.0,2.481903076171875,VWAP
2023-12-21,192.50099182128903,194.87413831888384,191.33420648650613,193.90511142023345,46482500.0,-0.0007699517784135468,0.009352269654209806,193.7646957397461,62801250.0,0.4053802490234375,VWAP
2023-12-22,191.4330902099609,193.22282892375424,190.81013681243016,192.9953923922105,37149600.0,-0.0055475122555187495,0.009145172448886756,193.55605926513672,61175570.0,-2.0863647460937784,VWAP
2023-12-26,190.8892517089844,191.719846217368,190.6717128965979,191.4429813812401,28919300.0,-0.002840880332548701,0.008196133951425448,193.54320526123047,57973130.0,-0.12854003906247158,VWAP
2023-12-27,190.98812866210935,191.3342172608312,188.95118798803827,190.33552729492325,48087700.0,0.0005179807256812108,0.007717946337428633,193.38895111083986,57512210.0,-1.54254150390625,VWAP
2023-12-28,191.41331481933597,192.4812284908812,191.00790021395272,191.967044481322,34049900.0,0.0022262439042943782,0.004933285884248063,192.9558532714844,53876780.0,-4.3309783935546875,VWAP
2023-12-29,190.3750915527344,192.22415660179112,189.58404259835584,191.72975289130505,42672100.0,-0.0054239866624821165,0.0049053798402695385,192.4041015625,51460830.0,-5.517517089843665,VWAP
