Price,Close,High,Low,Open,Volume
Ticker,AAPL,AAPL,AAPL,AAPL,AAPL
2022-01-03,177.93972778320312,178.79028222604728,173.73590007898758,173.85321176039008,104487900
2022-01-04,175.68138122558594,178.84893075193062,175.1143499260673,178.54586564233023,99310400
2022-01-05,171.00827026367188,176.14086475419518,170.73453308424857,175.59339039534856,94537600
2022-01-06,168.15362548828125,171.37983175151072,167.80167544288236,168.83796865501182,96904000
2022-01-07,168.3197784423828,170.24572473108867,167.2052727402814,169.02367835082143,86709100
2022-01-10,168.33932495117188,168.64239004792708,164.40921985835627,165.2988731483881,106765600
2022-01-11,171.1647186279297,171.26247339503044,166.99998962694013,168.46644539148625,76138300
2022-01-12,171.6046142578125,173.21770927349675,170.91050037060046,172.18141648353657,74805200
2022-01-13,168.33932495117188,172.6702498945838,167.94826118313497,171.8490383580425,84505800
2022-01-14,169.1996612548828,169.89377524696252,167.26392904254132,167.50833831927105,80440800
2022-01-18,166.00277709960938,168.6814931182034,165.6214992398613,167.67452813175186,90956700
2022-01-19,162.51260375976562,167.25414945182573,162.22909557704548,166.19829964047344,94815000
2022-01-20,160.83106994628906,165.8854518373375,160.50844792121475,163.24583471657064,91420500
2022-01-21,158.7780303955078,162.61036568511253,158.67048972769118,160.74307541554964,122848900
2022-01-24,158.00570678710938,158.67050778679211,151.24045969712583,156.44149634340394,162294600
2022-01-25,156.2068634033203,159.1202179477596,153.50859022634555,155.42475069595457,115798400
2022-01-26,156.11888122558594,160.71377291639465,154.29070450112417,159.84367643647036,108275300
2022-01-27,155.65936279296875,160.17604091465265,154.7403816352541,158.817126094803,121954600
2022-01-28,166.52090454101562,166.5404614570555,159.15929945417386,162.00422657695262,179935700
2022-01-31,170.8713836669922,171.0864649878099,165.7192328015865,166.35470576493188,115541600
2022-02-01,170.70518493652344,170.93003725349797,168.4566170141108,170.11859681152686,86213900
2022-02-02,171.90771484375,171.94682868403083,169.45385093947993,170.84209391826516,84914300
2022-02-03,169.03346252441406,172.29878204430065,168.27090671710556,170.57813105955574,89418100
2022-02-04,168.7495880126953,170.4234840013588,167.07569202403184,168.05457472378333,82465400
2022-02-07,168.03500366210938,170.2766384169295,167.33999039041194,169.20965988540354,77251200
2022-02-08,171.13807678222656,171.6471000057892,167.80986639624405,168.1035342150904,74829200
2022-02-09,172.55740356445312,172.91958530484067,171.20654095307694,172.3322647747442,71285000
2022-02-10,168.48526000976562,171.77430598076174,167.92730472233933,170.46260694632986,90865900
2022-02-11,165.07876586914062,169.42500712943504,164.49143031742815,168.6908451580762,98670700
2022-02-14,165.31370544433594,165.99892030677,163.04269054419584,163.83558309476697,86185500
2022-02-15,169.14111328125,169.29773807776493,166.654758116967,167.35955476472148,62527400
2022-02-16,168.9062042236328,169.67951494494773,166.45899759893967,168.2209893560315,61177400
2022-02-17,165.31370544433594,168.27971865617212,164.91235997613748,167.4182971510757,69589300
2022-02-18,163.7670440673828,166.93861378532614,162.68048390268257,166.23383213199764,82772700
2022-02-22,160.8500213623047,163.16996871038384,158.7258326412145,161.49607262837773,91162800
2022-02-23,156.68975830078125,162.6413518716535,156.37650867254357,162.04423283731927,90009200
2022-02-24,159.3033905029297,159.411068207212,148.79018396900835,149.35793777917277,141147500
2022-02-25,161.36880493164062,161.6330924831591,157.47284137265066,160.38012393186045,91974200
2022-02-28,161.63307189941406,161.92673963359974,158.9998756125995,159.6165763607333,95056600
2022-03-01,159.753662109375,163.08187242749526,158.54964050687724,161.2219862371019,83474400
2022-03-02,163.04266357421875,163.82577254598857,159.50889722189146,160.91849038376492,79724800
2022-03-03,162.7196502685547,165.3430634011942,162.05401727070716,164.91235266773373,76678400
2022-03-04,159.72430419921875,162.05405003585454,158.67690737340956,161.01643666085187,83737200
2022-03-07,155.93600463867188,161.53521443024337,155.68148559760553,159.91026569329455,96418800
2022-03-08,154.11529541015625,159.44041971330986,152.50992837199067,155.4661583222758,131148300
2022-03-09,159.50894165039062,159.95923428896205,156.04370327606966,158.06998280822745,91454900
2022-03-10,155.1724853515625,157.0029911685478,152.6861150001443,156.81700107101284,105342000
2022-03-11,151.46253967285156,155.9164596416208,151.23740079888486,155.57384466842046,96970100
2022-03-14,147.43930053710938,150.86538982544317,146.9302923114544,148.25177493215907,108732100
2022-03-15,151.8148956298828,152.28477002224423,147.2043670461277,147.71337523300835,92964300
2022-03-16,156.21987915039062,156.6212246232631,151.19822129277074,153.73352378158447,102300200
2022-03-17,157.22813415527344,157.60011436017203,154.30128444798586,155.26058530967927,75615400
2022-03-18,160.5171661376953,161.0066074424884,156.3862803303168,157.1204422875064,123511700
2022-03-21,161.8876190185547,162.83713639325782,159.56765695852218,160.05709828830467,95811400
2022-03-22,165.25497436523438,165.84229498697943,161.42753966012307,162.01486028186812,81532000
2022-03-23,166.61563110351562,168.99430889731204,164.1096788423283,164.44251031244588,98062700
2022-03-24,170.3941192626953,170.46263328488442,166.61563143205333,167.4476727675763,90131400
2022-03-25,171.03036499023438,171.578536843318,169.10196511927478,170.20810721060892,80546200
2022-03-28,171.8917999267578,172.0190445148475,168.36781639958284,168.53422465828777,90371900
2022-03-29,175.18081665039062,175.2297488255487,172.6161343745908,172.95874922006587,100589400
2022-03-30,174.01597595214844,175.81711647524634,172.96856432856262,174.77950323773482,92633200
2022-03-31,170.92271423339844,174.27049138056105,170.7171422878286,174.0845012718467,103049300
2022-04-01,170.62904357910156,171.18701389593227,168.30909632537671,170.35495761395958,78751300
2022-04-04,174.6717987060547,174.72074581921223,170.75626863844195,170.88352814533914,76468400
2022-04-05,171.36322021484375,174.53480585728352,170.7367358216346,173.75169663163055,73401800
2022-04-06,168.201416015625,169.9634078617043,166.537318414103,168.7202226513366,89058800
2022-04-07,168.5048370361328,169.69907490999924,166.2632026288955,167.5455363451221,77594700
2022-04-08,166.4981689453125,168.15248323813117,165.6269638660641,168.15248323813117,76575500
2022-04-11,162.2498016357422,165.4605355802755,162.00508096962494,165.14730089465874,72246700
2022-04-12,164.11944580078125,166.28276779117587,163.12098145475815,164.4718441031093,79265200
2022-04-13,166.8015899658203,167.42807423573976,163.24825626550125,163.8551587010773,70618900
2022-04-14,161.79953002929688,167.65325987659003,161.55480933143042,167.01697710019764,75329400
2022-04-18,161.5841522216797,163.0818413516457,160.11582837374732,160.45842830966066,69023900
2022-04-19,163.86497497558594,164.27611889634176,160.44868355818875,161.5352440651779,67723800
2022-04-20,163.69854736328125,165.31371275678185,162.59242008519655,165.19623667762264,67929800
2022-04-21,162.90565490722656,167.90774603308134,162.4064301142371,165.34307817395856,87227800
2022-04-22,158.37342834472656,164.3250370614869,158.08955892864606,162.94482378114378,84882400
2022-04-25,159.4404296875,159.72429911751857,155.11376965466397,157.71758646013552,96046400
2022-04-26,153.48880004882812,158.91180327087787,153.41048764569481,158.82370741856425,95623200
2022-04-27,153.26365661621094,156.41564486229873,152.0987839265491,152.61759051221244,88063200
2022-04-28,160.1843719482422,161.04579354437072,155.57382764277364,155.88707729102597,130216800
2022-04-29,154.32083129882812,162.69028026576657,153.9292842451666,158.42235165998022,131747600
2022-05-02,154.62428283691406,154.88857035171824,150.0333216240582,153.40067973909794,123055300
2022-05-03,156.11219787597656,157.31623426694395,153.0189401124905,154.81028218380573,88966500
2022-05-04,162.51409912109375,162.964376768375,155.8968429541357,156.29818841895514,108256500
2022-05-05,153.45944213867188,160.61507214954577,151.67786848905013,160.38993331507154,130525300
2022-05-06,154.1848602294922,156.30235682996496,151.1458596477854,152.93984857664353,116124600
2022-05-09,149.067626953125,152.76344175992415,148.50885169375428,151.88114377776745,131577900
2022-05-10,151.46934509277344,153.6554710112095,149.92043660074285,152.4594785674708,115366700
2022-05-11,143.61703491210938,152.39090538432077,142.94061098912724,150.47928231405317,142689800
2022-05-12,139.75454711914062,143.32291464808353,136.06854586723028,139.9604210928437,182602000
2022-05-13,144.21499633789062,145.18551933414366,140.29371306035543,141.74458368466105,113990900
2022-05-16,142.67591857910156,144.61696502202452,141.3426813570236,142.68573136301794,86643800
2022-05-17,146.3031005859375,146.8226694807634,143.7934664467187,145.9305738468132,78336300
2022-05-18,138.04876708984375,144.46005783667513,137.14685888931075,143.96009966859182,109742900
2022-05-19,134.64707946777344,138.87226008655338,133.91183880440775,137.12729010884627,136095600
2022-05-20,134.88232421875,137.9311222550243,130.00033122355916,136.3528052981394,137426100
2022-05-23,140.29371643066406,140.4407585737006,134.941158046499,135.07840236616943,117726300
2022-05-24,137.59783935546875,139.17615657107172,134.62746828487894,138.03898075989613,104132700
2022-05-25,137.75469970703125,138.99969650386015,135.61759232548434,135.7058176181396,92482700
2022-05-26,140.95054626464844,141.49952360823445,134.44121569632296,134.68629593603174,90601500
2022-05-27,146.6951904296875,146.73439667634008,142.4013809336445,142.5288274126525,90978500
2022-05-31,145.9109649658203,147.69515625482543,143.95032308788612,146.13644955191023,103718400
2022-06-01,145.7835235595703,148.75389460714223,144.7737792988703,146.95009283292427,74286600
2022-06-02,148.23431396484375,148.29313081917098,143.96991252402043,144.920824891666,72348100
2022-06-03,142.51905822753906,145.05808578629097,141.6171647882395,144.0091352358549,88570300
2022-06-06,143.26409912109375,145.64628674294468,142.04849579123675,144.13658414441952,71598400
2022-06-07,145.7835235595703,146.06781003090646,141.26424373812605,141.50932395629872,67808200
2022-06-08,145.0482940673828,146.92069570984725,144.5581335933167,145.65608826850138,53950200
2022-06-09,139.8329620361328,145.03846322934638,139.7251261469218,144.1855888973648,69473000
2022-06-10,134.431396484375,137.98995082700978,134.36276684809005,137.51940103001422,91437900
2022-06-13,129.28472900390625,132.53938671229503,128.85338540144875,130.25523715092532,122207100
2022-06-14,130.1473846435547,131.25515193955982,128.8925752102517,130.51011351307002,84784300
2022-06-15,132.76487731933594,134.63729418113485,129.55923814253225,131.64731188113106,91533000
2022-06-16,127.50052642822266,129.78467578709342,126.50059498012912,129.48077871917013,108123900
2022-06-17,128.9710235595703,130.4611156124141,127.25546187351353,127.5103548974603,134520300
2022-06-21,133.1961669921875,134.36275100339577,130.696361206463,130.7943843000857,81000500
2022-06-22,132.68646240234375,135.04902480535304,131.27479767249656,132.1374700396713,73409200
2022-06-23,135.54896545410156,135.8626603415122,132.9609190593017,134.12750324123766,72433800
2022-06-24,138.8722686767578,139.1173489130396,137.01946268880786,137.14689423988725,89116800
2022-06-27,138.8722686767578,140.6662578013618,138.19584483125837,139.89179587794544,70207900
2022-06-28,134.73526000976562,140.59757276365806,134.61762632941807,139.33296582440792,67083400
2022-06-29,136.49008178710938,137.90174634957765,133.98046254650382,134.75492447437682,66242400
2022-06-30,134.0294647216797,135.64698810352084,131.1375212724895,134.5490335635321,98964500
2022-07-01,136.19598388671875,136.3038197907336,132.9903451154339,133.36285690870372,71051600
2022-07-05,138.77418518066406,138.82320420357954,134.23529590349486,135.05877659635996,73353800
2022-07-06,140.10743713378906,141.28381901974345,138.30365057809186,138.56834136394644,74064300
2022-07-07,143.46998596191406,143.66604717243726,140.4603932776671,140.47019110271424,66253700
2022-07-08,144.14637756347656,144.64635079248632,142.1465295229667,142.40140757015126,64547800
2022-07-11,142.01907348632812,143.7542455393016,140.95052737444695,142.8033331399919,63141600
2022-07-12,142.9896240234375,145.52865186539117,142.19556639366533,142.89158593841137,77588800
2022-07-13,142.6269073486328,143.56800712971256,139.3232154144063,140.17610485424197,71185600
2022-07-14,145.54824829101562,146.01879814456234,140.4309718883509,141.244640047542,78140700
2022-07-15,147.2147979736328,147.89122183493336,145.28356446993823,146.83247339444262,76259900
2022-07-18,144.17579650878906,148.58724039251226,143.81306761767442,147.77357228115997,81420900
2022-07-19,148.02847290039062,148.25394254490203,144.01896354895925,145.0090823866063,82982400
2022-07-20,150.0283203125,150.69494637561027,147.41086501912858,148.14610577429508,64823400
2022-07-21,152.29286193847656,152.50853373902038,148.94996398855773,151.45958316742,65086600
2022-07-22,151.05763244628906,153.2045374479934,150.3910214648786,152.3320525114364,66675400
2022-07-25,149.94009399414062,151.98896129458768,149.28328071900498,150.97923186102722,53623900
2022-07-26,148.6166229248047,150.07729118277658,147.83236337932289,149.26362321320852,55138700
2022-07-27,153.70452880859375,154.23391054533735,149.16565257909815,149.57738561961435,78620700
2022-07-28,154.25347900390625,154.53776544520662,151.37133354934207,153.89075014754778,81378700
2022-07-29,159.3119354248047,160.409904944982,156.36117506106663,158.0669387195233,101786900
2022-08-01,158.3316192626953,160.3706884793457,157.72382510643268,157.84145882480365,67829400
2022-08-02,156.8611602783203,159.21393969022574,156.48864846428177,156.94940053816907,59907000
2022-08-03,162.86070251464844,163.3116417148104,157.58657171952117,157.67479700322565,82507500
2022-08-04,162.54696655273438,163.89981385284887,161.19411925261988,162.74302769340886,55474100
2022-08-05,162.3212127685547,162.81205403488926,160.01425282506756,160.22041274781424,56697000
2022-08-08,161.84999084472656,164.7361398246356,161.19226535966965,163.32251461167718,60276900
2022-08-09,161.89907836914062,162.78260161908204,160.2596703687026,161.01557009848563,63135500
2022-08-10,166.13995361328125,166.23811287684435,163.8428051524665,164.60851631297595,70170500
2022-08-11,165.40370178222656,167.85790820975464,165.10919401506573,166.9449356294848,57149200
2022-08-12,168.9475860595703,169.01629605421468,166.29703098384923,166.70935086886797,68039400
2022-08-15,170.0176239013672,170.21395743937939,168.21133138479297,168.37821564106778,54091700
2022-08-16,169.8605499267578,170.52810192661653,168.51564947224608,169.61512926108554,56377100
2022-08-17,171.3527069091797,172.92339013736907,169.4089794863745,169.60531301748716,79542000
2022-08-18,170.95999145507812,171.69625328732099,169.94885973714076,170.56732446959606,62290100
2022-08-19,168.37820434570312,170.55754092380556,168.1720444080825,169.86053968443733,70346300
2022-08-22,164.50057983398438,166.74862666169574,164.07844847706937,166.58174239756778,69026800
2022-08-23,164.1667938232422,165.61969500518398,163.597416059393,164.0195474098714,54147100
2022-08-24,164.46128845214844,165.03066617037743,163.2047358944321,164.25514348994625,53841500
2022-08-25,166.91546630859375,167.02345197761028,165.2662469773801,165.6883632421721,51218200
2022-08-26,160.62289428710938,167.91680343416758,160.56399573070382,167.44560000363606,78961000
2022-08-29,158.42393493652344,159.91608162954805,156.89251255304256,158.19813716461735,73314000
2022-08-30,155.99920654296875,159.58234252318653,154.83100169515882,159.16022613846985,77906200
2022-08-31,154.3401336669922,157.63858767600124,154.2615972644816,157.3735291899389,87991100
2022-09-01,155.06655883789062,155.51812435449008,151.83681534634707,153.77073087696763,74229900
2022-09-02,152.9559783935547,157.4226376540656,152.13136852434044,156.82381061062185,76957800
2022-09-06,151.6994171142578,154.21252227519972,150.87480729194033,153.60388383195894,73714800
2022-09-07,153.1032257080078,153.80021196934476,150.79626559392008,151.9841081371773,87449600
2022-09-08,151.63070678710938,153.49589780674214,149.88329791132227,151.8074024718103,84923800
2022-09-09,154.48739624023438,154.92916542303703,151.91539245059826,152.62220516793604,68028800
2022-09-12,160.4364013671875,161.25119983056848,156.38206187837264,156.66674327917337,104956000
2022-09-13,151.02207946777344,157.59935128029267,150.56068735003652,156.9710748828432,122656600
2022-09-14,152.46511840820312,154.22233860679495,150.79626102566698,151.95463927472932,87965400
2022-09-15,149.57894897460938,152.39638777057854,148.60709294324934,151.81718374523024,90481100
2022-09-16,147.93959045410156,148.577693242223,145.65226780231728,148.44025825358446,162278800
2022-09-19,151.65032958984375,151.72886599832884,146.36888718799335,146.5750321533895,81474200
2022-09-20,154.02597045898438,155.1843635395565,150.2759512881002,150.59008188296497,107689800
2022-09-21,150.9042510986328,155.83230196535132,150.78645397951445,154.4579373320565,101696800
2022-09-22,149.94223022460938,151.6405372059972,148.1457489754599,149.58882383167358,86652500
2022-09-23,147.67449951171875,148.6954577569954,145.83875792782328,148.42058784002563,96029900
2022-09-26,148.00830078125,150.95334879982894,146.89899456754617,146.91863241520423,93339400
2022-09-27,148.98013305664062,151.88591989139582,147.20329010150107,149.9421927062511,84442700
2022-09-28,147.09530639648438,147.8806554147203,142.18689375661808,144.93560783080054,146691400
2022-09-29,139.87013244628906,144.03247205665744,138.1031007730531,143.42383363893248,128138200
2022-09-30,135.66851806640625,140.4787712884576,135.47218456289696,138.69210195416497,124925300
2022-10-03,139.84068298339844,140.44933637961338,135.1678792129988,135.67835835777296,114311700
2022-10-04,143.4238739013672,143.54167105288877,141.6175660287155,142.37346603599343,87830100
2022-10-05,143.7183380126953,144.68039782185656,140.39043433471556,141.43103055560152,79471000
2022-10-06,142.7660675048828,144.83741801539523,142.55992258457076,143.13911161877988,68402200
2022-10-07,137.52394104003906,140.47881588020488,136.89566464180587,139.9290609248713,85925600
2022-10-10,137.8478546142578,139.2909290851068,136.0317509799681,137.8478546142578,74899000
2022-10-11,136.43423461914062,138.76083241469453,135.68816128454225,137.33738075448184,77033700
2022-10-12,135.8059539794922,137.78895683135124,135.6292583188671,136.58149154588781,70433700
2022-10-13,140.3708038330078,140.9598044199806,131.90868942611982,132.5173428390662,113224000
2022-10-14,135.84524536132812,141.87277603175662,135.65872326737428,141.66661609125816,88598000
2022-10-17,139.80140686035156,140.28242169324201,137.70060693296034,138.48595592005591,85250900
2022-10-18,141.1168670654297,144.0128276023933,138.03438444661543,142.82500010106065,99136600
2022-10-19,141.22486877441406,142.29489928414645,138.90809708603376,139.09461918905455,61758300
2022-10-20,140.76348876953125,143.21769564184982,140.03703814278057,140.4002709458009,64522000
2022-10-21,144.5723876953125,145.14176534962488,140.03700430524796,140.25297565616944,86548600
2022-10-24,146.71246337890625,147.47817461798252,143.3256613631015,144.49386606815804,75981900
2022-10-25,149.54954528808594,149.6968066869272,146.62413491177585,147.34075911907576,74732300
2022-10-26,146.61427307128906,149.20591401942318,145.32825653907994,148.1947823413551,88194300
2022-10-27,142.14764404296875,146.31979510961392,141.48991849585923,145.35775035197634,109180200
2022-10-28,152.8872528076172,154.61500878306214,145.11232844918345,145.4853576495381,164762400
2022-10-31,150.5311737060547,151.41469684238612,149.13718651330186,150.3544780663591,97943200
2022-11-01,147.89048767089844,152.60256746450293,146.39834080336652,152.23934967138234,80379300
2022-11-02,142.3734130859375,149.38262560122348,142.34396380900958,146.22160672381153,93604600
2022-11-03,136.33609008789062,140.1842842462697,136.2084665510831,139.45783369878677,97918500
2022-11-04,136.07058715820312,140.28898493787645,132.1373429796548,139.71866273149064,140814800
2022-11-07,136.60154724121094,136.82770454508952,133.40578684396397,134.8217569283286,83374600
2022-11-08,137.17189025878906,139.06967336647747,135.19544046730184,138.06670690734794,89908500
2022-11-09,132.61915588378906,136.23774833279379,132.3438299914245,136.18857977969958,74917800
2022-11-10,144.41891479492188,144.41891479492188,137.17191586897493,138.88288280173376,118854000
2022-11-11,147.20166015625,147.50648417895965,141.96061049585242,143.38642351170455,93979700
2022-11-14,145.80535888671875,147.77198095425382,144.96953850636208,146.48384590068005,73374100
2022-11-15,147.53599548339844,151.02675299903876,146.0806992107757,149.67962155098414,89868300
2022-11-16,146.30685424804688,147.36883205309908,144.83188757505272,146.64119143040293,64218300
2022-11-17,148.20462036132812,148.95193124541828,143.71088233685353,143.98620818910433,80389400
2022-11-18,148.76512145996094,150.15159363499748,147.4671586821555,149.76810292744864,74829600
2022-11-21,145.5399169921875,147.86053252951336,145.25476328393495,147.65404553488187,58724100
2022-11-22,147.6736297607422,147.90962978782017,144.47786920588229,145.65785433713793,51804100
2022-11-23,148.54881286621094,149.29612388958984,146.84767388557262,146.95583870512687,58301400
2022-11-25,145.63821411132812,146.3953678932279,144.66473067745702,145.83487333926465,35195900
2022-11-28,141.81314086914062,144.19275214587688,140.98716307142482,142.7177853624681,69246000
2022-11-29,138.8140411376953,142.393293327039,138.00773375100172,141.88196729880755,83763800
2022-11-30,145.55950927734375,146.23799618945276,138.20434805005414,139.0401533008067,111380900
2022-12-01,145.83485412597656,146.64117635966434,144.1632284025417,145.7365320270306,71250400
2022-12-02,145.34320068359375,145.53003217962117,143.21924526160134,143.52408428382984,65447400
2022-12-05,144.1829376220703,148.40133640660238,143.33728932207632,145.30391187981684,68826400
2022-12-06,140.5249786376953,144.84171332835018,139.55149534602168,144.61555599946504,64727200
2022-12-07,138.587890625,140.97732977170875,137.663575645007,139.817029693259,69721100
2022-12-08,140.26931762695312,141.12480845757423,138.7451974772698,139.9841640195035,62128300
2022-12-09,139.7874755859375,143.14056922258405,138.54849429856367,139.9644643389149,76097000
2022-12-12,142.07862854003906,142.08845624970894,138.70586361029962,140.31849324023466,70462700
2022-12-13,143.04226684570312,147.4671667934874,141.83279839446703,147.00500937638787,93886200
2022-12-14,140.82003784179688,144.21245930698282,138.8042463901484,142.9243237219995,82291200
2022-12-15,134.22195434570312,139.43350575702271,133.7597969655739,138.75501875197617,98931900
2022-12-16,132.2651824951172,135.35277902524194,131.4982009688156,134.4088086870883,160156900
2022-12-19,130.16085815429688,132.94362978303496,129.12839371956332,132.85513540362356,79592600
2022-12-20,130.09205627441406,131.0261987808424,127.72227301817315,129.19723960857664,77432800
2022-12-21,133.18946838378906,134.52677190815584,130.53453175568677,130.76068907847488,85928000
2022-12-22,130.02320861816406,132.31432503613755,128.1254256005218,132.10783812958184,77852100
2022-12-23,129.65940856933594,130.21006041152802,127.47645662054781,128.7350936895975,63814900
2022-12-27,127.85993194580078,129.2169059676245,126.57179689801647,129.18740783707491,69007800
2022-12-28,123.9365234375,128.8432433891337,123.76936236246999,127.505939784758,85438400
2022-12-29,127.44693756103516,128.30241331797103,125.59831560715067,125.8539710621533,75703700
2022-12-30,127.76158905029297,127.78125947114631,125.30331909041402,126.2669671564067,77034200
2023-01-03,122.98269653320312,128.71539349844326,122.09771520429403,128.10574552902463,112117500
2023-01-04,124.25119018554688,126.51280869797894,122.99255318811515,124.77234386397704,89113600
2023-01-05,122.93355560302734,125.63766124201173,122.67790010774006,125.00834271164995,80962700
2023-01-06,127.4567642211914,128.11558077623516,122.80570749443298,123.90701849100518,87754700
2023-01-09,127.97795104980469,131.18355527394988,127.72229553056178,128.29261784653937,70790800
2023-01-10,128.54824829101562,129.06940194282927,125.98180587179891,128.08609090104719,63896200
2023-01-11,131.26220703125,131.28186245070447,128.28277553296553,129.0595847172529,69458900
2023-01-12,131.1835479736328,132.019353473187,129.2464237509339,131.6457054280313,71379600
2023-01-13,132.51097106933594,132.66830441383743,129.4627162913207,129.82653652186355,57809700
2023-01-17,133.67127990722656,134.99874055778392,131.89148966196402,132.57980425900854,63646600
2023-01-18,132.95350646972656,136.2967583598761,132.77650266153844,134.53663801277594,69672800
2023-01-19,133.0124969482422,133.9761376268957,131.53753029546903,131.84235433638028,58280400
2023-01-20,135.569091796875,135.71659745917918,131.98001240951498,133.02231973826562,80223600
2023-01-23,138.75502014160156,140.92814412125819,135.59858513124948,135.81491475833332,81760300
2023-01-24,140.1513214111328,140.77081216801105,137.95854199183503,137.9683697007518,66435100
2023-01-25,139.4925079345703,140.0529874380773,136.49340619294276,138.53869500355867,65799300
2023-01-26,141.55747985839844,141.8426334902846,139.53184628445516,140.78065564701856,54105100
2023-01-27,143.49456787109375,144.77287517943125,140.69214050710963,140.77080718806803,70555800
2023-01-30,140.61351013183594,143.12095684480488,140.4660194445421,142.540806802597,64015300
2023-01-31,141.88197326660156,141.93114182979278,139.90552306108117,140.31851198443744,65874500
2023-02-01,143.00289916992188,144.1632138517995,138.96150571314269,141.56727363630213,77663600
2023-02-02,148.302978515625,148.65695608667727,145.69719525256042,146.41500811186492,118339000
2023-02-03,151.9215850830078,154.75352622762708,145.3629009773319,145.5595602225663,154357300
2023-02-06,149.19778442382812,150.54493079230497,148.26364190831887,150.02377712562708,69858300
2023-02-07,152.06907653808594,152.63939885505883,148.12600388600742,148.12600388600742,83322600
2023-02-08,149.38462829589844,152.00023955919008,148.64714493246836,151.3119247541495,64120100
2023-02-09,148.3520965576172,151.75435854951905,147.90960969557148,151.21353460518222,56007100
2023-02-10,148.71652221679688,149.04151212756338,146.95371454850684,147.19007494553122,57450700
2023-02-13,151.51339721679688,151.91715888947925,148.62788900472555,148.65743217523777,62199000
2023-02-14,150.8732452392578,151.4345954776921,148.56878800441328,149.80964612462722,61707600
2023-02-15,152.97091674804688,153.13833305811258,150.5581292969133,150.78463194852628,65573800
2023-02-16,151.37551879882812,153.95572244720177,151.02098573800205,151.17854429955682,68167900
2023-02-17,150.233154296875,150.6763169294936,148.55897600306773,150.03619479649413,59144100
2023-02-21,146.2249298095703,149.0021077790729,146.15600076088242,147.91880821074704,58867200
2023-02-22,146.64845275878906,147.67265128501415,144.92503065136498,146.60905183832952,51011300
2023-02-23,147.13099670410156,148.05672295415894,145.0038129046831,147.81051980369892,48394200
2023-02-24,144.48184204101562,144.9545478123535,143.50687229977612,144.87576101262292,55469600
2023-02-27,145.67344665527344,146.90446214048941,145.21058363066865,145.46664446890208,44998500
2023-02-28,145.1712188720703,146.81585399639758,144.60002580056587,144.81668575965537,50547000
2023-03-01,143.10308837890625,144.9939263960711,142.80764165155819,144.60000744430354,55479000
2023-03-02,143.69398498535156,144.481837933212,141.71450238763347,142.1872231725768,52238100
2023-03-03,148.73622131347656,148.81500811176437,145.09241829817535,145.79162671403117,70732300
2023-03-06,151.4936981201172,153.92618602775224,151.1293223291666,151.4542972077173,87558000
2023-03-07,149.29757690429688,151.69066400049135,148.83471383986452,151.36567408118486,56182000
2023-03-08,150.54830932617188,151.13920294398363,149.52411075262026,150.4892229698005,47204800
2023-03-09,148.3029022216797,152.1929083670859,147.9483691410299,151.2277963802791,53833600
2023-03-10,146.24465942382812,148.64760438030467,145.3681768808884,147.92869544727571,68572400
2023-03-13,148.18475341796875,150.8142012619364,145.45681830298673,145.56514829028342,84457100
2023-03-14,150.2725372314453,151.07023295988367,147.82036369988242,148.98243524821328,73695900
2023-03-15,150.6664581298828,150.92250395033966,147.64307677577528,148.8937927615987,77167900
2023-03-16,153.4830322265625,154.08376844517147,149.33696504123728,149.84907174243986,76161100
2023-03-17,152.6459197998047,154.35949876084172,151.93685367986137,153.70951897971963,98944600
2023-03-20,155.0094757080078,155.42311016638172,151.80883520237765,152.71487589238697,73641400
2023-03-21,156.86093139648438,156.9791040860205,154.16253977805687,154.93070734117964,73938300
2023-03-22,155.4329376220703,159.6774765177441,155.41323716716616,156.88061300312046,75701800
2023-03-23,156.5162353515625,159.0964541870748,155.28521978995877,156.41776312286146,67622100
2023-03-24,157.81622314453125,157.90485267428312,155.452678855526,156.44733419696482,59196500
2023-03-27,155.8760986328125,158.3282868109909,155.4723219600322,157.5108907515981,52390300
2023-03-28,155.2556610107422,156.08291480553032,153.61102618902072,155.57080817581272,45992200
2023-03-29,158.32830810546875,158.60405440029712,156.92987617396892,156.94956160428092,51305700
2023-03-30,159.89414978027344,160.00247975071784,158.82070781762587,159.07675364456477,49501700
2023-03-31,162.39556884765625,162.49405610459849,159.45098920585787,159.97293860815142,68749800
2023-04-03,163.64627075195312,163.76444342844442,161.725889623748,161.7751332479675,56976200
2023-04-04,163.11448669433594,164.30610131295074,162.60238002597387,164.06975594835677,46278300
2023-04-05,161.2728729248047,162.54328933366952,159.34264903941414,162.2379998945446,51511700
2023-04-06,162.15924072265625,162.45468749786315,159.53963569062748,159.96309788102116,45390100
2023-04-10,159.5691375732422,159.5691375732422,157.6487565719111,158.96840146235982,47716900
2023-04-11,158.35784912109375,159.89415417908276,158.07224508795338,159.88431146406083,47644200
2023-04-12,157.66844177246094,159.59866530043317,157.35329465040073,158.77142664558792,50133100
2023-04-13,163.0455322265625,163.28189260314673,158.96840964951016,159.17522685740187,68445600
2023-04-14,162.70089721679688,163.79403981032135,161.33200829581108,162.09030318280583,49386500
2023-04-17,162.72055053710938,162.8781241294329,161.53877864877254,162.5826774005875,41516200
2023-04-18,163.9417266845703,164.8674527745674,163.13417327770642,163.5773508935462,49923000
2023-04-19,165.08412170410156,165.60607111909823,163.02585218946155,163.2819130529251,47720200
2023-04-20,164.1189727783203,165.3204450523275,163.04553091898333,163.56748026442403,52456400
2023-04-21,162.5137481689453,163.9220227028112,161.991798793606,162.5432913390932,58337300
2023-04-24,162.81903076171875,163.08493430890758,161.40089854610392,162.49404087672,41949600
2023-04-25,161.28273010253906,163.78414697340926,161.24332919160244,162.68116189989732,48714100
2023-04-26,161.2728729248047,162.76979197769046,160.32746143764658,160.58350725145092,45498800
2023-04-27,165.8522491455078,165.99996498511996,162.68115222078845,162.68115222078845,64902300
2023-04-28,167.10296630859375,167.27039764589344,165.33031595199535,165.93105213681218,55275900
2023-05-01,167.01431274414062,167.86125191507637,166.07874407354768,166.70902333840385,52472900
2023-05-02,165.9802703857422,167.76279339985444,164.99545801480568,167.50673256610264,48425700
2023-05-03,164.9068145751953,168.3241144157863,164.62122562365215,166.92568277045305,65136000
2023-05-04,163.2720489501953,164.50306450874902,161.81453073644045,162.3857237588548,81235400
2023-05-05,170.9339141845703,171.65282310766082,168.1665784150509,168.3832383689214,113453200
2023-05-08,170.86495971679688,171.20965008439242,169.49607101524845,169.86044681233003,55962800
2023-05-09,169.16123962402344,170.9043468501181,168.993823309898,170.42179836441701,45326900
2023-05-10,170.924072265625,171.38693538928501,169.289279744913,170.39228007410486,53724500
2023-05-11,171.11114501953125,171.9383837832071,169.55513971049686,171.2096322648924,49514700
2023-05-12,170.18417358398438,171.65356424240227,168.63587209674515,171.21964497087455,45533100
2023-05-15,169.69105529785156,170.81529363826058,169.09934457223466,170.76598190315437,37266700
2023-05-16,169.69105529785156,170.74625419954612,169.42478396654107,169.61215953124739,42110300
2023-05-17,170.30247497558594,170.53914722242257,168.06385467134209,169.3360281894031,57951600
2023-05-18,172.6298370361328,172.81721258554498,170.1939849894296,170.60817644442238,65496700
2023-05-19,172.7383575439453,173.95134816577144,172.5213979143073,173.95134816577144,55809500
2023-05-22,171.7915802001953,172.29453878279668,171.0519493884426,171.57462062492166,43570900
2023-05-23,169.18812561035156,170.9829707500323,168.9119979039132,170.73642708015296,50747300
2023-05-24,169.46421813964844,170.03620114077688,168.16247565777167,168.7245872835419,45143500
2023-05-25,170.598388671875,171.49579632773333,169.31635838771984,170.0264054667032,56058300
2023-05-26,173.00460815429688,173.33991896491864,170.71669083708804,170.92379413047703,54835000
2023-05-30,174.84877014160156,176.51540772383512,174.1288668535482,174.51347436884586,55964400
2023-05-31,174.79946899414062,176.8704419237823,174.31623796446905,174.87836477742368,99625300
2023-06-01,177.60015869140625,177.62974272201325,174.4838437196236,175.24320228346932,68901800
2023-06-02,178.4482879638672,179.2668146743205,176.78165050926717,178.52718373632618,61996900
2023-06-05,177.0972442626953,182.3929972823034,175.57852688511534,180.10507993454968,121946500
2023-06-06,176.7323455810547,177.62975297431,174.97694105936182,177.4818328127375,64848400
2023-06-07,175.36158752441406,178.70471906299082,174.86850018805862,175.9730110061888,61944600
2023-06-08,178.0735321044922,178.33978837820231,175.00652888652115,175.44043301517675,50214900
2023-06-09,178.45814514160156,179.7105759291869,178.13270574903748,178.99067275354267,48900000
2023-06-12,181.2490234375,181.34764691680866,178.468018885392,178.7638742754878,54274900
2023-06-13,180.77566528320312,181.60404834381112,179.91769818813273,180.2727216495119,54929100
2023-06-14,181.40679931640625,181.84071851135664,179.50348972235338,180.83481629104696,57462900
2023-06-15,183.43832397460938,183.94128262941163,181.23915892536104,181.41667817053525,65433200
2023-06-16,182.36338806152344,184.40477651433866,181.72238065098958,184.1483615118621,101256200
2023-06-20,182.45216369628906,183.52710548415504,181.86046794433722,181.86046794433722,49799100
2023-06-21,181.4167022705078,182.84665255889604,180.06563271508736,182.34369383727915,49515700
2023-06-22,184.41461181640625,184.46392354570867,181.13064927618234,181.19968870677113,51245300
2023-06-23,184.0990753173828,184.96691381940127,182.45216546765664,182.98470820219737,53117000
2023-06-26,182.70858764648438,185.45015206010262,182.66913223239737,184.2470177435845,48088700
2023-06-27,185.45999145507812,185.78543087633778,183.10303478095216,183.31999439512526,50730800
2023-06-28,186.633544921875,187.27455239917202,185.00636283468697,185.33178721386028,51216800
2023-06-29,186.9688262939453,187.4422009047134,186.32781886596203,186.4658826988121,46347300
2023-06-30,191.28826904296875,191.79121262094537,188.61572952588827,188.9806243235532,85213200
2023-07-03,189.79917907714844,191.19954526937022,189.10884478636748,191.10092178559267,31458200
2023-07-05,188.68478393554688,190.311965971159,187.98459336367247,188.92147125163748,46920300
2023-07-06,189.1581573486328,189.36526064633148,186.5842409083175,187.21539208287066,45094300
2023-07-07,188.0437774658203,190.0062704618662,187.60987325439862,188.76369580404943,46815000
2023-07-10,186.00238037109375,187.36330604998784,184.45407912216882,186.6433878022031,59922200
2023-07-11,185.479736328125,186.68287064614393,184.02020200954667,186.54480679233018,46638100
2023-07-12,187.1463623046875,189.04967210294507,185.86433228601203,187.05759515232103,60750200
2023-07-13,187.90570068359375,188.54672319895087,187.15621340871894,187.8662603208446,41342300
2023-07-14,188.0536346435547,188.53685056119244,187.00829198764853,187.59998771190843,41616200
2023-07-17,191.30804443359375,191.63348390558141,189.15817566199323,189.24692777767194,50520200
2023-07-18,191.0515899658203,191.64330071063998,189.75970372238763,190.6768538720752,48288200
2023-07-19,192.4026641845703,195.48938034906212,189.9865244553515,190.4303150490968,80507300
2023-07-20,190.4599151611328,193.7537348839622,189.8386203157028,192.39280905028917,59581200
2023-07-21,189.28636169433594,192.2744696321092,188.5861710830146,191.41650251566858,71951700
2023-07-24,190.08514404296875,192.21528467718613,189.59205676918674,190.73602285584008,45377800
2023-07-25,190.94309997558594,191.75177028050072,190.25278084201756,190.65711599447494,37283200
2023-07-26,191.8109588623047,192.9351972994816,190.64728006234532,190.99243214213982,47471900
2023-07-27,190.5486602783203,194.47363103189025,189.8879250921341,193.3099522093675,47460200
2023-07-28,193.12255859375,193.91150122150714,191.45592124266818,191.9785925358936,48291400
2023-07-31,193.73402404785156,193.7734794641123,192.5604737033273,193.34941650238693,38824100
2023-08-01,192.90562438964844,194.01013518521242,192.5801849485631,193.52691923606866,35175100
2023-08-02,189.9175262451172,192.48157144604934,189.19762292480593,192.34350758944402,50389300
2023-08-03,188.52700805664062,189.71041463976601,188.0536484329567,188.92148694956984,61235200
2023-08-04,179.47393798828125,184.7894189873242,179.40489853673822,182.95513345446872,115956800
2023-08-07,176.37733459472656,180.59816071157974,174.89807268327345,179.6119861039443,97576100
2023-08-08,177.31419372558594,177.77769698523286,175.12488493894773,177.205713919119,67823000
2023-08-09,175.72647094726562,178.42857997538025,174.5627769846933,178.36941190145535,60378500
2023-08-10,175.50950622558594,178.25107058876787,175.14462641506705,176.9986245515979,54686900
2023-08-11,175.56875610351562,176.38838822312198,174.34425781198718,175.10464195853916,52036700
2023-08-14,177.2178955078125,177.44501774834183,175.09474782272636,175.74650562753334,43675600
2023-08-15,175.2329864501953,177.23762299403361,174.8379899652799,176.6451282666605,43622600
2023-08-16,174.36399841308594,176.30937200366554,174.29486573787133,174.91699954220002,46964900
2023-08-17,171.82608032226562,175.2922216904398,171.3125728746346,174.92684921501044,66062900
2023-08-18,172.30995178222656,172.91233113031433,169.81156245363653,170.14731092485977,61172200
2023-08-21,173.6431121826172,173.92949746098708,171.56935789788312,172.88274314562352,46311900
2023-08-22,175.0157470703125,175.46012191641384,174.04799506153495,174.8478727981476,42038900
2023-08-23,178.8571319580078,179.28176749229362,176.1019960768648,176.28962468028294,52722800
2023-08-24,174.17636108398438,178.83739189345877,173.81097351698816,178.41275636104422,54945800
2023-08-25,176.37850952148438,176.91175631972774,173.62337343895007,175.16388093182096,51449600
2023-08-28,177.9387664794922,178.33376298082638,176.31925671498092,177.8400098200833,43820700
2023-08-29,181.8196563720703,182.58991008586239,177.2573820568172,177.45488030453177,53003900
2023-08-30,185.30555725097656,185.50307057198083,182.43192527543482,182.62942352828824,60813900
2023-08-31,185.5228271484375,186.75721017905872,185.13770024560978,185.49320316115478,60794500
2023-09-01,187.09295654296875,187.54720101813678,185.92769123419916,187.12258052751662,45766500
2023-09-05,187.32994079589844,187.6064413525269,185.26605625958229,185.92768366781115,45280000
2023-09-06,180.6248016357422,186.49059214043663,179.20278998997966,186.0462022000218,81755800
2023-09-07,175.3416290283203,175.98351721110967,171.3718491931888,172.99135904079122,112488800
2023-09-08,175.95384216308594,177.98811753082185,175.56871535945672,176.12173147198052,65551300
2023-09-11,177.11912536621094,178.0473836718388,175.1243584797436,177.82026144859472,58953100
2023-09-12,174.0973663330078,177.87951732730735,172.6358612060169,177.24751388848827,90370200
2023-09-13,172.03347778320312,175.08486860955094,171.8063404869434,174.30473020059844,84267900
2023-09-14,173.54437255859375,173.89987544974738,171.41135521167203,171.82610607332606,60895800
2023-09-15,172.823486328125,174.29487626046748,171.64836639188815,174.27512191376346,109259500
2023-09-18,175.7465057373047,177.13889330258442,173.96899129951683,174.27511585610648,67257600
2023-09-19,176.83277893066406,177.38578010579235,174.91701409671836,175.3021409914078,51826900
2023-09-20,173.29750061035156,177.45489404541186,173.20861358406935,177.0203888259045,58436200
2023-09-21,171.75697326660156,174.09737357666756,171.68785565712008,172.36923745366522,63149100
2023-09-22,172.60623168945312,174.8676297137013,171.87548661966315,172.48773574692532,56725400
2023-09-25,173.880126953125,174.7590070374673,171.97423178505466,172.02361011818323,46172700
2023-09-26,169.8115997314453,173.01111068359924,169.51534481079926,172.63586851438868,64588900
2023-09-27,168.3007354736328,170.8781281931434,166.9379866697239,170.4633772468968,66921800
2023-09-28,168.55743408203125,169.88068876106084,165.52578284422083,167.22429469748067,56294400
2023-09-29,169.0709686279297,170.90773103963988,168.21182785802986,169.87084635964763,51861100
2023-10-02,171.57923889160156,172.12237043121976,168.79446358018748,169.08084887750982,52164500
2023-10-03,170.24607849121094,171.46072207785286,168.6858318118607,170.1078282132375,49594600
2023-10-04,171.49032592773438,172.03345733749015,168.83393190668662,168.95242782585208,53020300
2023-10-05,172.7247314453125,173.2579782200924,170.52258153582127,171.61871413723316,48527900
2023-10-06,175.2725067138672,175.76625988669193,171.0163417068709,171.6286058875163,57266700
2023-10-09,176.7537384033203,176.81298636382684,173.60359124576962,174.60096707330928,42390800
2023-10-10,176.16127014160156,177.47465549196244,175.72676490471198,175.87489990900735,43698000
2023-10-11,177.55361938476562,177.60299770884345,175.38110873868183,175.9736034231689,47551100
2023-10-12,178.4522705078125,180.06189553412176,176.80312172309905,177.82026707710477,56743100
2023-10-13,176.61550903320312,179.6570151987734,175.91437292525092,179.1533924067404,51427100
2023-10-16,176.4871368408203,176.84263973108403,174.3047411678942,174.54174811745375,52517000
2023-10-17,174.93675231933594,176.19088966345473,172.61612132571108,174.44299912050275,57549400
2023-10-18,173.6431121826172,175.36137864838344,172.9222367694585,173.3863659573123,54764400
2023-10-19,173.26785278320312,175.61810740546204,173.00122187734726,173.84059314667203,59302900
2023-10-20,170.7200927734375,173.22835212793277,170.4830858385587,173.11972583296543,64244000
2023-10-23,170.83859252929688,171.8359684831129,167.80694090892598,168.77470794688867,55980100
2023-10-24,171.27308654785156,171.50020876645127,169.3079436842464,170.8879597127696,43816600
2023-10-25,168.96234130859375,170.89784530264086,168.51795139973865,169.73259505065448,57157000
2023-10-26,164.80491638183594,169.23882483986895,163.60015755926395,168.24143389027685,70625300
2023-10-27,166.11831665039062,166.8490767618186,164.7456834493569,164.82468576422622,58499100
2023-10-30,168.16246032714844,169.03147079181505,166.76020302980592,166.90833803254793,51131000
2023-10-31,168.6364288330078,168.76479438569402,165.8022759466135,167.23417191335412,44846000
2023-11-01,171.79644775390625,172.05319393081336,167.9945430130093,168.86355325507674,56934900
2023-11-02,175.3514862060547,175.55885407348563,173.2678474852133,173.32709544733643,77334800
2023-11-03,174.4429931640625,174.61088250590672,171.18423421755685,172.06311427874405,79829200
2023-11-06,176.9907684326172,177.1882666996337,174.0085099439187,174.1763842242903,63841300
2023-11-07,179.54840087890625,180.1606499568927,176.73400192517136,176.9413698079054,70530000
2023-11-08,180.6050262451172,181.15802736111343,179.32126504404005,180.07177947416378,49340300
2023-11-09,180.13101196289062,181.81963914926845,179.5385022077218,180.67414339377055,53763500
2023-11-10,184.3136749267578,184.48178544542026,181.475802800193,181.9108804268445,66133400
2023-11-13,182.73158264160156,183.9478113332898,182.14818998578377,183.7401702602705,43627500
2023-11-14,185.342041015625,186.00454008995078,184.21480130754796,185.59912547957174,60108400
2023-11-15,185.90562438964844,187.37895245541037,185.6782029727857,185.74742671461323,53790500
2023-11-16,187.5866241455078,188.8226331691939,186.53847581950137,187.44819173837502,54412900
2023-11-17,187.56686401367188,188.24914348244,186.4594046371221,188.12059370194675,50922700
2023-11-20,189.30715942382812,189.7620174322178,187.75473976876387,187.76462241033667,46505100
2023-11-21,188.50624084472656,189.37639617894334,187.61632022600733,189.26762676216626,38134500
2023-11-22,189.16873168945312,190.77059476808083,188.69410838615653,189.34672485819107,39617700
2023-11-24,187.84371948242188,188.76330300712377,187.13177703645835,188.73363999587542,24048300
2023-11-27,187.6656951904297,188.53585027734727,186.78565746406957,187.79424494317865,40552600
2023-11-28,188.26890563964844,188.9413024556769,187.2800983304318,187.65584993609482,38415400
2023-11-29,187.2504119873047,189.9399687403027,186.85489514809922,188.76328577486603,43014200
2023-11-30,187.82394409179688,188.18981305356235,186.08364867108205,187.71517468500207,48794400
2023-12-01,189.09951782226562,189.4159283197641,187.11200544734405,188.19969953750024,45704800
2023-12-04,187.30975341796875,187.92282418358675,185.35191925319242,187.85360043262926,43389500
2023-12-05,191.25511169433594,192.22413865175915,188.05137051787239,188.08104861869373,66628400
2023-12-06,190.16741943359375,192.58009647341478,189.95976327032974,192.27356863697858,41089700
2023-12-07,192.09561157226562,192.817436726138,191.42321471638212,191.4627754603769,47477700
2023-12-08,193.5194549560547,193.79631975243228,191.50227991044673,192.02634649559002,53406400
2023-12-11,191.01779174804688,191.3243346926335,189.27749628821252,190.9485830810774,60943700
2023-12-12,192.53067016601562,192.54055280703432,189.57413099725628,190.9189094878757,52696900
2023-12-13,195.74429321289062,195.7838388648497,192.66910200901862,192.90640609677627,70404200
2023-12-14,195.89260864257812,197.38570218691584,193.96443748585023,195.80361960949875,66831600
2023-12-15,195.35867309570312,196.1793699091571,194.79504567055722,195.3191123528845,128538400
2023-12-18,193.69744873046875,194.42917151631295,192.214237877434,193.89520715993984,55751900
2023-12-19,194.73570251464844,194.74558515548247,193.69745188302565,193.96443406555753,40714100
2023-12-20,192.64932250976562,195.46741418063525,192.64932250976562,194.69614571593394,52242800
2023-12-21,192.50099182128906,194.87413831888384,191.33420648650613,193.90511142023345,46482500
2023-12-22,191.43309020996094,193.22282892375426,190.81013681243016,192.9953923922105,37149600
2023-12-26,190.88925170898438,191.719846217368,190.6717128965979,191.44298138124012,28919300
2023-12-27,190.98812866210938,191.33421726083122,188.95118798803827,190.33552729492325,48087700
2023-12-28,191.41331481933594,192.48122849088116,191.00790021395272,191.96704448132198,34049900
2023-12-29,190.37509155273438,192.22415660179112,189.58404259835586,191.72975289130503,42672100
